
> fayr-backend@0.0.1 start:dev
> nest start --watch

[2J[3J[H[[90m7:32:56 PM[0m] Starting compilation in watch mode...

[[90m7:32:59 PM[0m] Found 0 errors. Watching for file changes.

[2026-09-18 19:33:05.129 +0530] INFO (75446): Starting Nest application... {"context":"NestFactory"}
[2026-09-18 19:33:05.129 +0530] INFO (75446): PrismaModule dependencies initialized {"context":"InstanceLoader"}
[2026-09-18 19:33:05.129 +0530] INFO (75446): ConfigHostModule dependencies initialized {"context":"InstanceLoader"}
[2026-09-18 19:33:05.129 +0530] INFO (75446): ThrottlerModule dependencies initialized {"context":"InstanceLoader"}
[2026-09-18 19:33:05.129 +0530] INFO (75446): JwtModule dependencies initialized {"context":"InstanceLoader"}
[2026-09-18 19:33:05.129 +0530] INFO (75446): JwtModule dependencies initialized {"context":"InstanceLoader"}
[2026-09-18 19:33:05.129 +0530] INFO (75446): DiscoveryModule dependencies initialized {"context":"InstanceLoader"}
[2026-09-18 19:33:05.129 +0530] INFO (75446): UserEventModule dependencies initialized {"context":"InstanceLoader"}
[2026-09-18 19:33:05.129 +0530] INFO (75446): Active sender: TWILIO — real SMS will be sent to real phones {"context":"SmsSender"}
[2026-09-18 19:33:05.129 +0530] INFO (75446): TicketModule dependencies initialized {"context":"InstanceLoader"}
[2026-09-18 19:33:05.129 +0530] INFO (75446): WalletModule dependencies initialized {"context":"InstanceLoader"}
[2026-09-18 19:33:05.129 +0530] INFO (75446): ConfigModule dependencies initialized {"context":"InstanceLoader"}
[2026-09-18 19:33:05.129 +0530] INFO (75446): ScheduleModule dependencies initialized {"context":"InstanceLoader"}
[2026-09-18 19:33:05.129 +0530] INFO (75446): HealthModule dependencies initialized {"context":"InstanceLoader"}
[2026-09-18 19:33:05.129 +0530] INFO (75446): StorageModule dependencies initialized {"context":"InstanceLoader"}
[2026-09-18 19:33:05.129 +0530] INFO (75446): ContactModule dependencies initialized {"context":"InstanceLoader"}
[2026-09-18 19:33:05.129 +0530] INFO (75446): LoggerModule dependencies initialized {"context":"InstanceLoader"}
[2026-09-18 19:33:05.129 +0530] INFO (75446): AppModule dependencies initialized {"context":"InstanceLoader"}
[2026-09-18 19:33:05.129 +0530] INFO (75446): SchedulerModule dependencies initialized {"context":"InstanceLoader"}
[2026-09-18 19:33:05.129 +0530] INFO (75446): ShopModule dependencies initialized {"context":"InstanceLoader"}
[2026-09-18 19:33:05.129 +0530] INFO (75446): MeModule dependencies initialized {"context":"InstanceLoader"}
[2026-09-18 19:33:05.129 +0530] INFO (75446): ReviewModule dependencies initialized {"context":"InstanceLoader"}
[2026-09-18 19:33:05.129 +0530] INFO (75446): LiveCheckModule dependencies initialized {"context":"InstanceLoader"}
[2026-09-18 19:33:05.129 +0530] INFO (75446): ReportModule dependencies initialized {"context":"InstanceLoader"}
[2026-09-18 19:33:05.129 +0530] INFO (75446): RunningModule dependencies initialized {"context":"InstanceLoader"}
[2026-09-18 19:33:05.129 +0530] INFO (75446): SupportModule dependencies initialized {"context":"InstanceLoader"}
[2026-09-18 19:33:05.129 +0530] INFO (75446): WithdrawalModule dependencies initialized {"context":"InstanceLoader"}
[2026-09-18 19:33:05.129 +0530] INFO (75446): InsightsModule dependencies initialized {"context":"InstanceLoader"}
[2026-09-18 19:33:05.129 +0530] INFO (75446): CampaignModule dependencies initialized {"context":"InstanceLoader"}
[2026-09-18 19:33:05.129 +0530] INFO (75446): CampaignHealthModule dependencies initialized {"context":"InstanceLoader"}
[2026-09-18 19:33:05.129 +0530] INFO (75446): AuthModule dependencies initialized {"context":"InstanceLoader"}
[2026-09-18 19:33:05.129 +0530] INFO (75446): TaskModule dependencies initialized {"context":"InstanceLoader"}
[2026-09-18 19:33:05.129 +0530] INFO (75446): OcrModule dependencies initialized {"context":"InstanceLoader"}
[2026-09-18 19:33:05.129 +0530] INFO (75446): AdminModule dependencies initialized {"context":"InstanceLoader"}
[2026-09-18 19:33:05.129 +0530] INFO (75446): AssistantModule dependencies initialized {"context":"InstanceLoader"}
[2026-09-18 19:33:05.129 +0530] INFO (75446): ChatModule dependencies initialized {"context":"InstanceLoader"}
[2026-09-18 19:33:05.129 +0530] INFO (75446): HealthController {/health}: {"context":"RoutesResolver"}
[2026-09-18 19:33:05.129 +0530] INFO (75446): Mapped {/health, GET} route {"context":"RouterExplorer"}
[2026-09-18 19:33:05.129 +0530] INFO (75446): Mapped {/health/ready, GET} route {"context":"RouterExplorer"}
[2026-09-18 19:33:05.129 +0530] INFO (75446): AuthController {/auth}: {"context":"RoutesResolver"}
[2026-09-18 19:33:05.129 +0530] INFO (75446): Mapped {/auth/otp/request, POST} route {"context":"RouterExplorer"}
[2026-09-18 19:33:05.129 +0530] INFO (75446): Mapped {/auth/otp/verify, POST} route {"context":"RouterExplorer"}
[2026-09-18 19:33:05.129 +0530] INFO (75446): Mapped {/auth/refresh, POST} route {"context":"RouterExplorer"}
[2026-09-18 19:33:05.129 +0530] INFO (75446): Mapped {/auth/logout, POST} route {"context":"RouterExplorer"}
[2026-09-18 19:33:05.129 +0530] INFO (75446): Mapped {/auth/me, GET} route {"context":"RouterExplorer"}
[2026-09-18 19:33:05.129 +0530] INFO (75446): CampaignController {/campaigns}: {"context":"RoutesResolver"}
[2026-09-18 19:33:05.129 +0530] INFO (75446): Mapped {/campaigns, GET} route {"context":"RouterExplorer"}
[2026-09-18 19:33:05.129 +0530] INFO (75446): Mapped {/campaigns/:id, GET} route {"context":"RouterExplorer"}
[2026-09-18 19:33:05.129 +0530] INFO (75446): AdminCampaignController {/admin/campaigns}: {"context":"RoutesResolver"}
[2026-09-18 19:33:05.129 +0530] INFO (75446): Mapped {/admin/campaigns, GET} route {"context":"RouterExplorer"}
[2026-09-18 19:33:05.129 +0530] INFO (75446): Mapped {/admin/campaigns/:id, GET} route {"context":"RouterExplorer"}
[2026-09-18 19:33:05.129 +0530] INFO (75446): Mapped {/admin/campaigns, POST} route {"context":"RouterExplorer"}
[2026-09-18 19:33:05.129 +0530] INFO (75446): Mapped {/admin/campaigns/:id, PATCH} route {"context":"RouterExplorer"}
[2026-09-18 19:33:05.129 +0530] INFO (75446): Mapped {/admin/campaigns/:id/publish, POST} route {"context":"RouterExplorer"}
[2026-09-18 19:33:05.129 +0530] INFO (75446): Mapped {/admin/campaigns/:id/pause, POST} route {"context":"RouterExplorer"}
[2026-09-18 19:33:05.129 +0530] INFO (75446): Mapped {/admin/campaigns/:id/resume, POST} route {"context":"RouterExplorer"}
[2026-09-18 19:33:05.129 +0530] INFO (75446): Mapped {/admin/campaigns/:id/end, POST} route {"context":"RouterExplorer"}
[2026-09-18 19:33:05.129 +0530] INFO (75446): AdminUploadController {/admin/uploads}: {"context":"RoutesResolver"}
[2026-09-18 19:33:05.129 +0530] INFO (75446): Mapped {/admin/uploads/image, POST} route {"context":"RouterExplorer"}
[2026-09-18 19:33:05.129 +0530] INFO (75446): AdminAuthController {/admin/auth}: {"context":"RoutesResolver"}
[2026-09-18 19:33:05.129 +0530] INFO (75446): Mapped {/admin/auth/login, POST} route {"context":"RouterExplorer"}
[2026-09-18 19:33:05.129 +0530] INFO (75446): Mapped {/admin/auth/me, GET} route {"context":"RouterExplorer"}
[2026-09-18 19:33:05.129 +0530] INFO (75446): AdminUsersController {/admin/users}: {"context":"RoutesResolver"}
[2026-09-18 19:33:05.129 +0530] INFO (75446): Mapped {/admin/users/search, POST} route {"context":"RouterExplorer"}
[2026-09-18 19:33:05.129 +0530] INFO (75446): Mapped {/admin/users/:id, GET} route {"context":"RouterExplorer"}
[2026-09-18 19:33:05.129 +0530] INFO (75446): AdminAuditController {/admin/audit}: {"context":"RoutesResolver"}
[2026-09-18 19:33:05.129 +0530] INFO (75446): Mapped {/admin/audit, GET} route {"context":"RouterExplorer"}
[2026-09-18 19:33:05.129 +0530] INFO (75446): AdminStaffController {/admin/staff}: {"context":"RoutesResolver"}
[2026-09-18 19:33:05.129 +0530] INFO (75446): Mapped {/admin/staff, GET} route {"context":"RouterExplorer"}
[2026-09-18 19:33:05.129 +0530] INFO (75446): Mapped {/admin/staff, POST} route {"context":"RouterExplorer"}
[2026-09-18 19:33:05.129 +0530] INFO (75446): Mapped {/admin/staff/:id, PATCH} route {"context":"RouterExplorer"}
[2026-09-18 19:33:05.129 +0530] INFO (75446): AdminTaskController {/admin/tasks}: {"context":"RoutesResolver"}
[2026-09-18 19:33:05.129 +0530] INFO (75446): Mapped {/admin/tasks/awaiting-amount, GET} route {"context":"RouterExplorer"}
[2026-09-18 19:33:05.129 +0530] INFO (75446): Mapped {/admin/tasks/awaiting-review-check, GET} route {"context":"RouterExplorer"}
[2026-09-18 19:33:05.129 +0530] INFO (75446): Mapped {/admin/tasks/:id/quantity-preview, GET} route {"context":"RouterExplorer"}
[2026-09-18 19:33:05.129 +0530] INFO (75446): Mapped {/admin/tasks/:id/amount-preview, GET} route {"context":"RouterExplorer"}
[2026-09-18 19:33:05.129 +0530] INFO (75446): Mapped {/admin/tasks/:id/allow-duplicate-order, POST} route {"context":"RouterExplorer"}
[2026-09-18 19:33:05.129 +0530] INFO (75446): Mapped {/admin/tasks/:id/amount, POST} route {"context":"RouterExplorer"}
[2026-09-18 19:33:05.129 +0530] INFO (75446): Mapped {/admin/tasks/:id/review-visible, POST} route {"context":"RouterExplorer"}
[2026-09-18 19:33:05.129 +0530] INFO (75446): Mapped {/admin/tasks/:id/quantity, POST} route {"context":"RouterExplorer"}
[2026-09-18 19:33:05.129 +0530] INFO (75446): TaskController {/tasks}: {"context":"RoutesResolver"}
[2026-09-18 19:33:05.129 +0530] INFO (75446): Mapped {/tasks, POST} route {"context":"RouterExplorer"}
[2026-09-18 19:33:05.129 +0530] INFO (75446): Mapped {/tasks, GET} route {"context":"RouterExplorer"}
[2026-09-18 19:33:05.129 +0530] INFO (75446): Mapped {/tasks/:id, GET} route {"context":"RouterExplorer"}
[2026-09-18 19:33:05.129 +0530] INFO (75446): Mapped {/tasks/:id/evidence, POST} route {"context":"RouterExplorer"}
[2026-09-18 19:33:05.129 +0530] INFO (75446): Mapped {/tasks/:id/orders-found, POST} route {"context":"RouterExplorer"}
[2026-09-18 19:33:05.129 +0530] INFO (75446): Mapped {/tasks/:id/reviews-found, POST} route {"context":"RouterExplorer"}
[2026-09-18 19:33:05.129 +0530] INFO (75446): Mapped {/tasks/:id/orders-found, GET} route {"context":"RouterExplorer"}
[2026-09-18 19:33:05.129 +0530] INFO (75446): Mapped {/tasks/:id/orders-found/:candidateId/mine, POST} route {"context":"RouterExplorer"}
[2026-09-18 19:33:05.129 +0530] INFO (75446): Mapped {/tasks/:id/going-to-the-shop, POST} route {"context":"RouterExplorer"}
[2026-09-18 19:33:05.129 +0530] INFO (75446): Mapped {/tasks/:id/going-to-the-review, POST} route {"context":"RouterExplorer"}
[2026-09-18 19:33:05.129 +0530] INFO (75446): Mapped {/tasks/:id/confirm-order, POST} route {"context":"RouterExplorer"}
[2026-09-18 19:33:05.129 +0530] INFO (75446): Mapped {/tasks/:id/reviewed, POST} route {"context":"RouterExplorer"}
[2026-09-18 19:33:05.129 +0530] INFO (75446): Mapped {/tasks/:id/start-hold, POST} route {"context":"RouterExplorer"}
[2026-09-18 19:33:05.129 +0530] INFO (75446): Mapped {/tasks/:id/release-refund, POST} route {"context":"RouterExplorer"}
[2026-09-18 19:33:05.129 +0530] INFO (75446): ShopSignInController {/me/shop-sign-ins}: {"context":"RoutesResolver"}
[2026-09-18 19:33:05.129 +0530] INFO (75446): Mapped {/me/shop-sign-ins, POST} route {"context":"RouterExplorer"}
[2026-09-18 19:33:05.129 +0530] INFO (75446): ReviewController {/tasks/:taskId/review}: {"context":"RoutesResolver"}
[2026-09-18 19:33:05.129 +0530] INFO (75446): Mapped {/tasks/:taskId/review, GET} route {"context":"RouterExplorer"}
[2026-09-18 19:33:05.129 +0530] INFO (75446): Mapped {/tasks/:taskId/review, PUT} route {"context":"RouterExplorer"}
[2026-09-18 19:33:05.129 +0530] INFO (75446): ScreenshotController {/tasks}: {"context":"RoutesResolver"}
[2026-09-18 19:33:05.129 +0530] INFO (75446): Mapped {/tasks/:id/screenshot, POST} route {"context":"RouterExplorer"}
[2026-09-18 19:33:05.129 +0530] INFO (75446): Mapped {/tasks/:id/screenshots, GET} route {"context":"RouterExplorer"}
[2026-09-18 19:33:05.129 +0530] INFO (75446): StaffVerificationController {/admin/verifications}: {"context":"RoutesResolver"}
[2026-09-18 19:33:05.129 +0530] INFO (75446): Mapped {/admin/verifications, GET} route {"context":"RouterExplorer"}
[2026-09-18 19:33:05.129 +0530] INFO (75446): Mapped {/admin/verifications/:id, GET} route {"context":"RouterExplorer"}
[2026-09-18 19:33:05.129 +0530] INFO (75446): Mapped {/admin/verifications/:id/image, GET} route {"context":"RouterExplorer"}
[2026-09-18 19:33:05.129 +0530] INFO (75446): Mapped {/admin/verifications/:id/approve, POST} route {"context":"RouterExplorer"}
[2026-09-18 19:33:05.129 +0530] INFO (75446): Mapped {/admin/verifications/:id/reject, POST} route {"context":"RouterExplorer"}
[2026-09-18 19:33:05.129 +0530] INFO (75446): Mapped {/admin/verifications/:id/request-more, POST} route {"context":"RouterExplorer"}
[2026-09-18 19:33:05.129 +0530] INFO (75446): CampaignHealthController {/admin/campaign-health}: {"context":"RoutesResolver"}
[2026-09-18 19:33:05.129 +0530] INFO (75446): Mapped {/admin/campaign-health, GET} route {"context":"RouterExplorer"}
[2026-09-18 19:33:05.129 +0530] INFO (75446): Mapped {/admin/campaign-health/run, POST} route {"context":"RouterExplorer"}
[2026-09-18 19:33:05.129 +0530] INFO (75446): LiveCheckController {/admin/live-check}: {"context":"RoutesResolver"}
[2026-09-18 19:33:05.129 +0530] INFO (75446): Mapped {/admin/live-check/todo, GET} route {"context":"RouterExplorer"}
[2026-09-18 19:33:05.129 +0530] INFO (75446): Mapped {/admin/live-check, GET} route {"context":"RouterExplorer"}
[2026-09-18 19:33:05.129 +0530] INFO (75446): Mapped {/admin/live-check/run, POST} route {"context":"RouterExplorer"}
[2026-09-18 19:33:05.129 +0530] INFO (75446): AdminAssistantController {/admin/assistant}: {"context":"RoutesResolver"}
[2026-09-18 19:33:05.129 +0530] INFO (75446): Mapped {/admin/assistant/questions, GET} route {"context":"RouterExplorer"}
[2026-09-18 19:33:05.129 +0530] INFO (75446): Mapped {/admin/assistant/questions/:id, GET} route {"context":"RouterExplorer"}
[2026-09-18 19:33:05.129 +0530] INFO (75446): Mapped {/admin/assistant/answers, GET} route {"context":"RouterExplorer"}
[2026-09-18 19:33:05.129 +0530] INFO (75446): Mapped {/admin/assistant/answers, POST} route {"context":"RouterExplorer"}
[2026-09-18 19:33:05.129 +0530] INFO (75446): Mapped {/admin/assistant/answers/check, POST} route {"context":"RouterExplorer"}
[2026-09-18 19:33:05.129 +0530] INFO (75446): Mapped {/admin/assistant/answers/:id/approve, POST} route {"context":"RouterExplorer"}
[2026-09-18 19:33:05.129 +0530] INFO (75446): Mapped {/admin/assistant/answers/:id/retire, POST} route {"context":"RouterExplorer"}
[2026-09-18 19:33:05.129 +0530] INFO (75446): Mapped {/admin/assistant/questions/:id/resolve, POST} route {"context":"RouterExplorer"}
[2026-09-18 19:33:05.129 +0530] INFO (75446): Mapped {/admin/assistant/stats, GET} route {"context":"RouterExplorer"}
[2026-09-18 19:33:05.129 +0530] INFO (75446): AssistantController {/assistant}: {"context":"RoutesResolver"}
[2026-09-18 19:33:05.129 +0530] INFO (75446): Mapped {/assistant/ask, POST} route {"context":"RouterExplorer"}
[2026-09-18 19:33:05.129 +0530] INFO (75446): Mapped {/assistant/questions/:id/helpful, POST} route {"context":"RouterExplorer"}
[2026-09-18 19:33:05.129 +0530] INFO (75446): Mapped {/assistant/questions, GET} route {"context":"RouterExplorer"}
[2026-09-18 19:33:05.129 +0530] INFO (75446): AdminChatController {/admin/chats}: {"context":"RoutesResolver"}
[2026-09-18 19:33:05.129 +0530] INFO (75446): Mapped {/admin/chats, GET} route {"context":"RouterExplorer"}
[2026-09-18 19:33:05.129 +0530] INFO (75446): Mapped {/admin/chats/what-to-write-next, GET} route {"context":"RouterExplorer"}
[2026-09-18 19:33:05.129 +0530] INFO (75446): Mapped {/admin/chats/:id, GET} route {"context":"RouterExplorer"}
[2026-09-18 19:33:05.129 +0530] INFO (75446): Mapped {/admin/chats/:id/take, POST} route {"context":"RouterExplorer"}
[2026-09-18 19:33:05.129 +0530] INFO (75446): Mapped {/admin/chats/:id/reply, POST} route {"context":"RouterExplorer"}
[2026-09-18 19:33:05.129 +0530] INFO (75446): Mapped {/admin/chats/:id/email-draft, GET} route {"context":"RouterExplorer"}
[2026-09-18 19:33:05.129 +0530] INFO (75446): Mapped {/admin/chats/:id/messages/:messageId/save-as-answer, POST} route {"context":"RouterExplorer"}
[2026-09-18 19:33:05.129 +0530] INFO (75446): Mapped {/admin/chats/reply/check, POST} route {"context":"RouterExplorer"}
[2026-09-18 19:33:05.129 +0530] INFO (75446): Mapped {/admin/chats/:id/close, POST} route {"context":"RouterExplorer"}
[2026-09-18 19:33:05.129 +0530] INFO (75446): ChatController {/chat}: {"context":"RoutesResolver"}
[2026-09-18 19:33:05.129 +0530] INFO (75446): Mapped {/chat/open, POST} route {"context":"RouterExplorer"}
[2026-09-18 19:33:05.129 +0530] INFO (75446): Mapped {/chat, GET} route {"context":"RouterExplorer"}
[2026-09-18 19:33:05.129 +0530] INFO (75446): Mapped {/chat/messages, POST} route {"context":"RouterExplorer"}
[2026-09-18 19:33:05.129 +0530] INFO (75446): SupportController {/questions}: {"context":"RoutesResolver"}
[2026-09-18 19:33:05.129 +0530] INFO (75446): Mapped {/questions, POST} route {"context":"RouterExplorer"}
[2026-09-18 19:33:05.129 +0530] INFO (75446): Mapped {/questions, GET} route {"context":"RouterExplorer"}
[2026-09-18 19:33:05.129 +0530] INFO (75446): Mapped {/questions/:id, GET} route {"context":"RouterExplorer"}
[2026-09-18 19:33:05.129 +0530] INFO (75446): Mapped {/questions/:id/replies, POST} route {"context":"RouterExplorer"}
[2026-09-18 19:33:05.129 +0530] INFO (75446): AdminQuestionsController {/admin/questions}: {"context":"RoutesResolver"}
[2026-09-18 19:33:05.129 +0530] INFO (75446): Mapped {/admin/questions, GET} route {"context":"RouterExplorer"}
[2026-09-18 19:33:05.129 +0530] INFO (75446): Mapped {/admin/questions/:id, GET} route {"context":"RouterExplorer"}
[2026-09-18 19:33:05.129 +0530] INFO (75446): Mapped {/admin/questions/:id/reply, POST} route {"context":"RouterExplorer"}
[2026-09-18 19:33:05.129 +0530] INFO (75446): Mapped {/admin/questions/:id/close, POST} route {"context":"RouterExplorer"}
[2026-09-18 19:33:05.129 +0530] INFO (75446): MeController {/me}: {"context":"RoutesResolver"}
[2026-09-18 19:33:05.129 +0530] INFO (75446): Mapped {/me/how-to-reach-us, GET} route {"context":"RouterExplorer"}
[2026-09-18 19:33:05.129 +0530] INFO (75446): Mapped {/me/wallet, GET} route {"context":"RouterExplorer"}
[2026-09-18 19:33:05.129 +0530] INFO (75446): Mapped {/me, GET} route {"context":"RouterExplorer"}
[2026-09-18 19:33:05.129 +0530] INFO (75446): Mapped {/me, PATCH} route {"context":"RouterExplorer"}
[2026-09-18 19:33:05.129 +0530] INFO (75446): PayoutMethodController {/me/payout-methods}: {"context":"RoutesResolver"}
[2026-09-18 19:33:05.129 +0530] INFO (75446): Mapped {/me/payout-methods, POST} route {"context":"RouterExplorer"}
[2026-09-18 19:33:05.129 +0530] INFO (75446): Mapped {/me/payout-methods, GET} route {"context":"RouterExplorer"}
[2026-09-18 19:33:05.129 +0530] INFO (75446): WithdrawalController {/withdrawals}: {"context":"RoutesResolver"}
[2026-09-18 19:33:05.129 +0530] INFO (75446): Mapped {/withdrawals, POST} route {"context":"RouterExplorer"}
[2026-09-18 19:33:05.129 +0530] INFO (75446): Mapped {/withdrawals, GET} route {"context":"RouterExplorer"}
[2026-09-18 19:33:05.129 +0530] INFO (75446): Mapped {/withdrawals/:id, GET} route {"context":"RouterExplorer"}
[2026-09-18 19:33:05.129 +0530] INFO (75446): AdminWithdrawalController {/admin/withdrawals}: {"context":"RoutesResolver"}
[2026-09-18 19:33:05.129 +0530] INFO (75446): Mapped {/admin/withdrawals, GET} route {"context":"RouterExplorer"}
[2026-09-18 19:33:05.129 +0530] INFO (75446): Mapped {/admin/withdrawals/:id, GET} route {"context":"RouterExplorer"}
[2026-09-18 19:33:05.129 +0530] INFO (75446): Mapped {/admin/withdrawals/:id/approve, POST} route {"context":"RouterExplorer"}
[2026-09-18 19:33:05.129 +0530] INFO (75446): Mapped {/admin/withdrawals/:id/reject, POST} route {"context":"RouterExplorer"}
[2026-09-18 19:33:05.129 +0530] INFO (75446): Mapped {/admin/withdrawals/:id/mark-paid, POST} route {"context":"RouterExplorer"}
[2026-09-18 19:33:05.129 +0530] INFO (75446): Mapped {/admin/withdrawals/:id/mark-failed, POST} route {"context":"RouterExplorer"}
[2026-09-18 19:33:05.129 +0530] INFO (75446): AdminReportController {/admin/reports}: {"context":"RoutesResolver"}
[2026-09-18 19:33:05.129 +0530] INFO (75446): Mapped {/admin/reports/campaigns, GET} route {"context":"RouterExplorer"}
[2026-09-18 19:33:05.129 +0530] INFO (75446): Mapped {/admin/reports/payouts, GET} route {"context":"RouterExplorer"}
[2026-09-18 19:33:05.129 +0530] INFO (75446): Mapped {/admin/reports/activity, GET} route {"context":"RouterExplorer"}
[2026-09-18 19:33:05.129 +0530] INFO (75446): Mapped {/admin/reports/users, GET} route {"context":"RouterExplorer"}
[2026-09-18 19:33:05.129 +0530] INFO (75446): AdminRunningController {/admin/how-it-is-running}: {"context":"RoutesResolver"}
[2026-09-18 19:33:05.129 +0530] INFO (75446): Mapped {/admin/how-it-is-running, GET} route {"context":"RouterExplorer"}
[2026-09-18 19:33:05.129 +0530] INFO (75446): AdminActivityController {/admin/users}: {"context":"RoutesResolver"}
[2026-09-18 19:33:05.129 +0530] INFO (75446): Mapped {/admin/users/:id/activity, GET} route {"context":"RouterExplorer"}
[2026-09-18 19:33:05.129 +0530] INFO (75446): AdminInsightsController {/admin/insights}: {"context":"RoutesResolver"}
[2026-09-18 19:33:05.129 +0530] INFO (75446): Mapped {/admin/insights/funnel, GET} route {"context":"RouterExplorer"}
[2026-09-18 19:33:05.129 +0530] INFO (75446): EventController {/events}: {"context":"RoutesResolver"}
[2026-09-18 19:33:05.129 +0530] INFO (75446): Mapped {/events, POST} route {"context":"RouterExplorer"}
[2026-09-18 19:33:05.129 +0530] INFO (75446): Connected to PostgreSQL {"context":"PrismaService"}
[2026-09-18 19:33:05.129 +0530] INFO (75446): bootstrap admin already present (admin@fayr.app) {"context":"StaffBootstrapService"}
[2026-09-18 19:33:05.129 +0530] INFO (75446): maintenance scheduler started (cron: * * * * *) {"context":"SchedulerService"}
[2026-09-18 19:33:05.129 +0530] INFO (75446): daily offer check started (cron: 15 6 * * *) {"context":"CampaignHealthScheduler"}
[2026-09-18 19:33:05.129 +0530] INFO (75446): Nest application successfully started {"context":"NestApplication"}
[2026-09-18 19:33:05.129 +0530] INFO (75446): Fayr backend listening on http://0.0.0.0:3001 (reachable at http://<this-machine-lan-ip>:3001) {"context":"Bootstrap"}
[2026-09-18 19:33:05.556 +0530] INFO (75446): request completed {"req":{"id":"810659d9-6f4a-4d82-ad8f-9254d554973f","method":"GET","url":"/health/ready","params":{"path":["health","ready"]},"headers":{"host":"127.0.0.1:3001","user-agent":"curl/8.7.1","accept":"*/*"}},"requestId":"810659d9-6f4a-4d82-ad8f-9254d554973f","res":{"statusCode":200,"headers":{"x-content-type-options":"nosniff","content-security-policy":"default-src 'none'; frame-ancestors 'none'; base-uri 'none'; form-action 'none'; sandbox","x-frame-options":"DENY","referrer-policy":"no-referrer","cross-origin-resource-policy":"same-site","x-permitted-cross-domain-policies":"none","vary":"Origin","x-request-id":"810659d9-6f4a-4d82-ad8f-9254d554973f","content-type":"application/json; charset=utf-8","content-length":"67","etag":"W/\"43-ME63z8s+QuQ+3Wzo0xlTk0exbk0\""}},"responseTime":9}
[2026-09-18 19:34:00.078 +0530] DEBUG (75446): retention: no screenshots older than 90 days {"context":"ScreenshotRetentionService"}
[2026-09-18 19:34:00.079 +0530] INFO (75446): maintenance tick {"expired":0,"rechecked":0,"regressed":0,"released":0,"purged":0} {"context":"SchedulerService"}
[2026-09-18 19:34:38.016 +0530] WARN (75446): request completed {"req":{"id":"e3398336-2480-4b6f-931f-1db802d75af7","method":"GET","url":"/campaigns","params":{"path":["campaigns"]},"headers":{"host":"192.168.0.190:3001","content-type":"application/json","connection":"keep-alive","if-none-match":"W/\"7a0d-r+o/evWluHuCBZzFTGR3tSn/4fw\"","accept":"*/*","accept-language":"en-IN,en;q=0.9","accept-encoding":"gzip, deflate","user-agent":"fayr/1 CFNetwork/3896.100.1.2.1 Darwin/27.0.0"}},"requestId":"e3398336-2480-4b6f-931f-1db802d75af7","res":{"statusCode":401,"headers":{"x-content-type-options":"nosniff","content-security-policy":"default-src 'none'; frame-ancestors 'none'; base-uri 'none'; form-action 'none'; sandbox","x-frame-options":"DENY","referrer-policy":"no-referrer","cross-origin-resource-policy":"same-site","x-permitted-cross-domain-policies":"none","vary":"Origin","x-request-id":"e3398336-2480-4b6f-931f-1db802d75af7","x-ratelimit-limit":"60","x-ratelimit-remaining":"59","x-ratelimit-reset":"60","content-type":"application/json; charset=utf-8","content-length":"188","etag":"W/\"bc-A7F0W8QpjJEUDPLVMASw+Y60nXM\""}},"responseTime":14}
[2026-09-18 19:34:38.020 +0530] WARN (75446): request completed {"req":{"id":"ebed0144-febc-49e7-9a7f-52b138537aed","method":"GET","url":"/tasks","params":{"path":["tasks"]},"headers":{"host":"192.168.0.190:3001","content-type":"application/json","connection":"keep-alive","if-none-match":"W/\"5001-uPYWWlNeOgaq7i7QKd3JuT/RsPA\"","accept":"*/*","accept-language":"en-IN,en;q=0.9","accept-encoding":"gzip, deflate","user-agent":"fayr/1 CFNetwork/3896.100.1.2.1 Darwin/27.0.0"}},"requestId":"ebed0144-febc-49e7-9a7f-52b138537aed","res":{"statusCode":401,"headers":{"x-content-type-options":"nosniff","content-security-policy":"default-src 'none'; frame-ancestors 'none'; base-uri 'none'; form-action 'none'; sandbox","x-frame-options":"DENY","referrer-policy":"no-referrer","cross-origin-resource-policy":"same-site","x-permitted-cross-domain-policies":"none","vary":"Origin","x-request-id":"ebed0144-febc-49e7-9a7f-52b138537aed","x-ratelimit-limit":"60","x-ratelimit-remaining":"59","x-ratelimit-reset":"60","content-type":"application/json; charset=utf-8","content-length":"184","etag":"W/\"b8-aVYqZT0hVf3/rJgLL27PVRjFfu4\""}},"responseTime":3}
[2026-09-18 19:34:38.024 +0530] WARN (75446): request completed {"req":{"id":"80f8c18e-f590-4d9c-bc98-d7c53d9b9a2b","method":"GET","url":"/me","params":{"path":["me"]},"headers":{"host":"192.168.0.190:3001","content-type":"application/json","connection":"keep-alive","if-none-match":"W/\"1a9-DDTJTudYtiPmoxaqBDF8leumbgE\"","accept":"*/*","accept-language":"en-IN,en;q=0.9","accept-encoding":"gzip, deflate","user-agent":"fayr/1 CFNetwork/3896.100.1.2.1 Darwin/27.0.0"}},"requestId":"80f8c18e-f590-4d9c-bc98-d7c53d9b9a2b","res":{"statusCode":401,"headers":{"x-content-type-options":"nosniff","content-security-policy":"default-src 'none'; frame-ancestors 'none'; base-uri 'none'; form-action 'none'; sandbox","x-frame-options":"DENY","referrer-policy":"no-referrer","cross-origin-resource-policy":"same-site","x-permitted-cross-domain-policies":"none","vary":"Origin","x-request-id":"80f8c18e-f590-4d9c-bc98-d7c53d9b9a2b","x-ratelimit-limit":"60","x-ratelimit-remaining":"59","x-ratelimit-reset":"60","content-type":"application/json; charset=utf-8","content-length":"181","etag":"W/\"b5-qeD1NnjU6IFYz4pK14tncNAUeSU\""}},"responseTime":3}
[2026-09-18 19:34:38.026 +0530] WARN (75446): request completed {"req":{"id":"e8b89013-72d4-4881-b425-b7bc9af7e656","method":"GET","url":"/me","params":{"path":["me"]},"headers":{"host":"192.168.0.190:3001","content-type":"application/json","connection":"keep-alive","if-none-match":"W/\"1a9-DDTJTudYtiPmoxaqBDF8leumbgE\"","accept":"*/*","accept-language":"en-IN,en;q=0.9","accept-encoding":"gzip, deflate","user-agent":"fayr/1 CFNetwork/3896.100.1.2.1 Darwin/27.0.0"}},"requestId":"e8b89013-72d4-4881-b425-b7bc9af7e656","res":{"statusCode":401,"headers":{"x-content-type-options":"nosniff","content-security-policy":"default-src 'none'; frame-ancestors 'none'; base-uri 'none'; form-action 'none'; sandbox","x-frame-options":"DENY","referrer-policy":"no-referrer","cross-origin-resource-policy":"same-site","x-permitted-cross-domain-policies":"none","vary":"Origin","x-request-id":"e8b89013-72d4-4881-b425-b7bc9af7e656","x-ratelimit-limit":"60","x-ratelimit-remaining":"58","x-ratelimit-reset":"60","content-type":"application/json; charset=utf-8","content-length":"181","etag":"W/\"b5-i828fDKafobGRhUrgiL6QpsJwA0\""}},"responseTime":2}
[2026-09-18 19:34:38.093 +0530] INFO (75446): request completed {"req":{"id":"35b6d88c-bc15-4d90-97ac-38d196deab02","method":"POST","url":"/auth/refresh","params":{"path":["auth","refresh"]},"headers":{"host":"192.168.0.190:3001","content-type":"application/json","connection":"keep-alive","accept":"*/*","user-agent":"fayr/1 CFNetwork/3896.100.1.2.1 Darwin/27.0.0","content-length":"62","accept-language":"en-IN,en;q=0.9","accept-encoding":"gzip, deflate"}},"requestId":"35b6d88c-bc15-4d90-97ac-38d196deab02","res":{"statusCode":200,"headers":{"x-content-type-options":"nosniff","content-security-policy":"default-src 'none'; frame-ancestors 'none'; base-uri 'none'; form-action 'none'; sandbox","x-frame-options":"DENY","referrer-policy":"no-referrer","cross-origin-resource-policy":"same-site","x-permitted-cross-domain-policies":"none","vary":"Origin","x-request-id":"35b6d88c-bc15-4d90-97ac-38d196deab02","x-ratelimit-limit":"20","x-ratelimit-remaining":"19","x-ratelimit-reset":"60","content-type":"application/json; charset=utf-8","content-length":"350","etag":"W/\"15e-aslOI2g1TSGGd65oIxeY5bT55yc\""}},"responseTime":44}
[2026-09-18 19:34:38.148 +0530] INFO (75446): request completed {"req":{"id":"14fe1e90-ae18-41c8-8c4f-31b3bd4a64ff","method":"GET","url":"/tasks","params":{"path":["tasks"]},"headers":{"host":"192.168.0.190:3001","content-type":"application/json","connection":"keep-alive","if-none-match":"W/\"5001-uPYWWlNeOgaq7i7QKd3JuT/RsPA\"","accept":"*/*","accept-language":"en-IN,en;q=0.9","accept-encoding":"gzip, deflate","user-agent":"fayr/1 CFNetwork/3896.100.1.2.1 Darwin/27.0.0"}},"requestId":"14fe1e90-ae18-41c8-8c4f-31b3bd4a64ff","res":{"statusCode":200,"headers":{"x-content-type-options":"nosniff","content-security-policy":"default-src 'none'; frame-ancestors 'none'; base-uri 'none'; form-action 'none'; sandbox","x-frame-options":"DENY","referrer-policy":"no-referrer","cross-origin-resource-policy":"same-site","x-permitted-cross-domain-policies":"none","vary":"Origin","x-request-id":"14fe1e90-ae18-41c8-8c4f-31b3bd4a64ff","x-ratelimit-limit":"60","x-ratelimit-remaining":"58","x-ratelimit-reset":"60","content-type":"application/json; charset=utf-8","content-length":"16250","etag":"W/\"3f7a-hdTliopISa4O664YCoTEIWObotI\""}},"responseTime":26}
[2026-09-18 19:34:38.156 +0530] INFO (75446): request completed {"req":{"id":"23544c9c-294d-4854-80a8-c97978001b54","method":"GET","url":"/me","params":{"path":["me"]},"headers":{"host":"192.168.0.190:3001","content-type":"application/json","connection":"keep-alive","if-none-match":"W/\"1a9-DDTJTudYtiPmoxaqBDF8leumbgE\"","accept":"*/*","accept-language":"en-IN,en;q=0.9","accept-encoding":"gzip, deflate","user-agent":"fayr/1 CFNetwork/3896.100.1.2.1 Darwin/27.0.0"}},"requestId":"23544c9c-294d-4854-80a8-c97978001b54","res":{"statusCode":304,"headers":{"x-content-type-options":"nosniff","content-security-policy":"default-src 'none'; frame-ancestors 'none'; base-uri 'none'; form-action 'none'; sandbox","x-frame-options":"DENY","referrer-policy":"no-referrer","cross-origin-resource-policy":"same-site","x-permitted-cross-domain-policies":"none","vary":"Origin","x-request-id":"23544c9c-294d-4854-80a8-c97978001b54","x-ratelimit-limit":"60","x-ratelimit-remaining":"57","x-ratelimit-reset":"60","etag":"W/\"1a9-DDTJTudYtiPmoxaqBDF8leumbgE\""}},"responseTime":34}
[2026-09-18 19:34:38.156 +0530] INFO (75446): request completed {"req":{"id":"e808c7c2-b8f9-4ac5-af38-b96f81f11676","method":"GET","url":"/campaigns","params":{"path":["campaigns"]},"headers":{"host":"192.168.0.190:3001","content-type":"application/json","connection":"keep-alive","if-none-match":"W/\"7a0d-r+o/evWluHuCBZzFTGR3tSn/4fw\"","accept":"*/*","accept-language":"en-IN,en;q=0.9","accept-encoding":"gzip, deflate","user-agent":"fayr/1 CFNetwork/3896.100.1.2.1 Darwin/27.0.0"}},"requestId":"e808c7c2-b8f9-4ac5-af38-b96f81f11676","res":{"statusCode":200,"headers":{"x-content-type-options":"nosniff","content-security-policy":"default-src 'none'; frame-ancestors 'none'; base-uri 'none'; form-action 'none'; sandbox","x-frame-options":"DENY","referrer-policy":"no-referrer","cross-origin-resource-policy":"same-site","x-permitted-cross-domain-policies":"none","vary":"Origin","x-request-id":"e808c7c2-b8f9-4ac5-af38-b96f81f11676","x-ratelimit-limit":"60","x-ratelimit-remaining":"58","x-ratelimit-reset":"60","content-type":"application/json; charset=utf-8","content-length":"31245","etag":"W/\"7a0d-8jzvbZ7HDxU6IL2WzvirodDTh/Q\""}},"responseTime":36}
[2026-09-18 19:34:38.157 +0530] INFO (75446): request completed {"req":{"id":"c95508ec-6bd5-4b13-8ed8-1edbba99ec8e","method":"GET","url":"/me","params":{"path":["me"]},"headers":{"host":"192.168.0.190:3001","content-type":"application/json","connection":"keep-alive","if-none-match":"W/\"1a9-DDTJTudYtiPmoxaqBDF8leumbgE\"","accept":"*/*","accept-language":"en-IN,en;q=0.9","accept-encoding":"gzip, deflate","user-agent":"fayr/1 CFNetwork/3896.100.1.2.1 Darwin/27.0.0"}},"requestId":"c95508ec-6bd5-4b13-8ed8-1edbba99ec8e","res":{"statusCode":304,"headers":{"x-content-type-options":"nosniff","content-security-policy":"default-src 'none'; frame-ancestors 'none'; base-uri 'none'; form-action 'none'; sandbox","x-frame-options":"DENY","referrer-policy":"no-referrer","cross-origin-resource-policy":"same-site","x-permitted-cross-domain-policies":"none","vary":"Origin","x-request-id":"c95508ec-6bd5-4b13-8ed8-1edbba99ec8e","x-ratelimit-limit":"60","x-ratelimit-remaining":"56","x-ratelimit-reset":"60","etag":"W/\"1a9-DDTJTudYtiPmoxaqBDF8leumbgE\""}},"responseTime":33}
[2026-09-18 19:34:38.346 +0530] INFO (75446): request completed {"req":{"id":"093478a1-7a68-49a8-9d95-8925b27c0b22","method":"GET","url":"/tasks","params":{"path":["tasks"]},"headers":{"host":"192.168.0.190:3001","content-type":"application/json","connection":"keep-alive","if-none-match":"W/\"3f7a-hdTliopISa4O664YCoTEIWObotI\"","accept":"*/*","accept-language":"en-IN,en;q=0.9","accept-encoding":"gzip, deflate","user-agent":"fayr/1 CFNetwork/3896.100.1.2.1 Darwin/27.0.0"}},"requestId":"093478a1-7a68-49a8-9d95-8925b27c0b22","res":{"statusCode":304,"headers":{"x-content-type-options":"nosniff","content-security-policy":"default-src 'none'; frame-ancestors 'none'; base-uri 'none'; form-action 'none'; sandbox","x-frame-options":"DENY","referrer-policy":"no-referrer","cross-origin-resource-policy":"same-site","x-permitted-cross-domain-policies":"none","vary":"Origin","x-request-id":"093478a1-7a68-49a8-9d95-8925b27c0b22","x-ratelimit-limit":"60","x-ratelimit-remaining":"57","x-ratelimit-reset":"60","etag":"W/\"3f7a-hdTliopISa4O664YCoTEIWObotI\""}},"responseTime":22}
[2026-09-18 19:34:38.348 +0530] INFO (75446): request completed {"req":{"id":"f71ac4f5-5674-4c18-8c81-809504cfe4d3","method":"GET","url":"/tasks","params":{"path":["tasks"]},"headers":{"host":"192.168.0.190:3001","content-type":"application/json","connection":"keep-alive","if-none-match":"W/\"3f7a-hdTliopISa4O664YCoTEIWObotI\"","accept":"*/*","accept-language":"en-IN,en;q=0.9","accept-encoding":"gzip, deflate","user-agent":"fayr/1 CFNetwork/3896.100.1.2.1 Darwin/27.0.0"}},"requestId":"f71ac4f5-5674-4c18-8c81-809504cfe4d3","res":{"statusCode":304,"headers":{"x-content-type-options":"nosniff","content-security-policy":"default-src 'none'; frame-ancestors 'none'; base-uri 'none'; form-action 'none'; sandbox","x-frame-options":"DENY","referrer-policy":"no-referrer","cross-origin-resource-policy":"same-site","x-permitted-cross-domain-policies":"none","vary":"Origin","x-request-id":"f71ac4f5-5674-4c18-8c81-809504cfe4d3","x-ratelimit-limit":"60","x-ratelimit-remaining":"56","x-ratelimit-reset":"60","etag":"W/\"3f7a-hdTliopISa4O664YCoTEIWObotI\""}},"responseTime":21}
[2026-09-18 19:34:38.349 +0530] INFO (75446): request completed {"req":{"id":"ba55c013-c296-489e-b18e-e82e2c5b44b3","method":"GET","url":"/me/wallet","params":{"path":["me","wallet"]},"headers":{"host":"192.168.0.190:3001","content-type":"application/json","connection":"keep-alive","if-none-match":"W/\"33-zPSKh1uN3VlTrMADPuT0JUQbywk\"","accept":"*/*","accept-language":"en-IN,en;q=0.9","accept-encoding":"gzip, deflate","user-agent":"fayr/1 CFNetwork/3896.100.1.2.1 Darwin/27.0.0"}},"requestId":"ba55c013-c296-489e-b18e-e82e2c5b44b3","res":{"statusCode":304,"headers":{"x-content-type-options":"nosniff","content-security-policy":"default-src 'none'; frame-ancestors 'none'; base-uri 'none'; form-action 'none'; sandbox","x-frame-options":"DENY","referrer-policy":"no-referrer","cross-origin-resource-policy":"same-site","x-permitted-cross-domain-policies":"none","vary":"Origin","x-request-id":"ba55c013-c296-489e-b18e-e82e2c5b44b3","x-ratelimit-limit":"60","x-ratelimit-remaining":"59","x-ratelimit-reset":"60","etag":"W/\"33-zPSKh1uN3VlTrMADPuT0JUQbywk\""}},"responseTime":24}
[2026-09-18 19:34:38.349 +0530] INFO (75446): request completed {"req":{"id":"e474b237-4b8a-476f-bf92-09fede575b27","method":"GET","url":"/me/wallet","params":{"path":["me","wallet"]},"headers":{"host":"192.168.0.190:3001","content-type":"application/json","connection":"keep-alive","if-none-match":"W/\"33-zPSKh1uN3VlTrMADPuT0JUQbywk\"","accept":"*/*","accept-language":"en-IN,en;q=0.9","accept-encoding":"gzip, deflate","user-agent":"fayr/1 CFNetwork/3896.100.1.2.1 Darwin/27.0.0"}},"requestId":"e474b237-4b8a-476f-bf92-09fede575b27","res":{"statusCode":304,"headers":{"x-content-type-options":"nosniff","content-security-policy":"default-src 'none'; frame-ancestors 'none'; base-uri 'none'; form-action 'none'; sandbox","x-frame-options":"DENY","referrer-policy":"no-referrer","cross-origin-resource-policy":"same-site","x-permitted-cross-domain-policies":"none","vary":"Origin","x-request-id":"e474b237-4b8a-476f-bf92-09fede575b27","x-ratelimit-limit":"60","x-ratelimit-remaining":"58","x-ratelimit-reset":"60","etag":"W/\"33-zPSKh1uN3VlTrMADPuT0JUQbywk\""}},"responseTime":21}
[2026-09-18 19:34:48.655 +0530] INFO (75446): request completed {"req":{"id":"9be45b78-4e3e-40e8-aba5-ccf03c0cbef8","method":"GET","url":"/me/wallet","params":{"path":["me","wallet"]},"headers":{"host":"192.168.0.190:3001","content-type":"application/json","connection":"keep-alive","if-none-match":"W/\"33-zPSKh1uN3VlTrMADPuT0JUQbywk\"","accept":"*/*","accept-language":"en-IN,en;q=0.9","accept-encoding":"gzip, deflate","user-agent":"fayr/1 CFNetwork/3896.100.1.2.1 Darwin/27.0.0"}},"requestId":"9be45b78-4e3e-40e8-aba5-ccf03c0cbef8","res":{"statusCode":304,"headers":{"x-content-type-options":"nosniff","content-security-policy":"default-src 'none'; frame-ancestors 'none'; base-uri 'none'; form-action 'none'; sandbox","x-frame-options":"DENY","referrer-policy":"no-referrer","cross-origin-resource-policy":"same-site","x-permitted-cross-domain-policies":"none","vary":"Origin","x-request-id":"9be45b78-4e3e-40e8-aba5-ccf03c0cbef8","x-ratelimit-limit":"60","x-ratelimit-remaining":"57","x-ratelimit-reset":"50","etag":"W/\"33-zPSKh1uN3VlTrMADPuT0JUQbywk\""}},"responseTime":8}
[2026-09-18 19:35:00.042 +0530] DEBUG (75446): retention: no screenshots older than 90 days {"context":"ScreenshotRetentionService"}
[2026-09-18 19:35:00.043 +0530] INFO (75446): maintenance tick {"expired":0,"rechecked":0,"regressed":0,"released":0,"purged":0} {"context":"SchedulerService"}
[2026-09-18 19:35:12.370 +0530] INFO (75446): request completed {"req":{"id":"172fe54a-4aa5-4ba2-8c6b-eb6bd418cea4","method":"POST","url":"/tasks","params":{"path":["tasks"]},"headers":{"host":"192.168.0.190:3001","content-type":"application/json","user-agent":"fayr/1 CFNetwork/3896.100.1.2.1 Darwin/27.0.0","connection":"keep-alive","accept":"*/*","accept-language":"en-IN,en;q=0.9","content-length":"74","accept-encoding":"gzip, deflate"}},"requestId":"172fe54a-4aa5-4ba2-8c6b-eb6bd418cea4","res":{"statusCode":201,"headers":{"x-content-type-options":"nosniff","content-security-policy":"default-src 'none'; frame-ancestors 'none'; base-uri 'none'; form-action 'none'; sandbox","x-frame-options":"DENY","referrer-policy":"no-referrer","cross-origin-resource-policy":"same-site","x-permitted-cross-domain-policies":"none","vary":"Origin","x-request-id":"172fe54a-4aa5-4ba2-8c6b-eb6bd418cea4","x-ratelimit-limit":"60","x-ratelimit-remaining":"59","x-ratelimit-reset":"60","content-type":"application/json; charset=utf-8","content-length":"1029","etag":"W/\"405-P83jt1xRXgeTp0uBh0JYScDjnPU\""}},"responseTime":67}
[2026-09-18 19:35:12.409 +0530] INFO (75446): request completed {"req":{"id":"0a307a5b-483e-447a-ad61-ed3e75334170","method":"POST","url":"/tasks/cc9f1c1a-e9fd-4868-b425-f3ec8ad51398/going-to-the-shop","params":{"path":["tasks","cc9f1c1a-e9fd-4868-b425-f3ec8ad51398","going-to-the-shop"]},"headers":{"host":"192.168.0.190:3001","content-type":"application/json","content-length":"0","connection":"keep-alive","accept":"*/*","user-agent":"fayr/1 CFNetwork/3896.100.1.2.1 Darwin/27.0.0","accept-language":"en-IN,en;q=0.9","accept-encoding":"gzip, deflate"}},"requestId":"0a307a5b-483e-447a-ad61-ed3e75334170","res":{"statusCode":200,"headers":{"x-content-type-options":"nosniff","content-security-policy":"default-src 'none'; frame-ancestors 'none'; base-uri 'none'; form-action 'none'; sandbox","x-frame-options":"DENY","referrer-policy":"no-referrer","cross-origin-resource-policy":"same-site","x-permitted-cross-domain-policies":"none","vary":"Origin","x-request-id":"0a307a5b-483e-447a-ad61-ed3e75334170","x-ratelimit-limit":"60","x-ratelimit-remaining":"59","x-ratelimit-reset":"60","content-type":"application/json; charset=utf-8","content-length":"1565","etag":"W/\"61d-M2os5cWmbA6kZf6bzw5257qEjMI\""}},"responseTime":16}
[2026-09-18 19:36:00.038 +0530] DEBUG (75446): retention: no screenshots older than 90 days {"context":"ScreenshotRetentionService"}
[2026-09-18 19:36:00.040 +0530] INFO (75446): maintenance tick {"expired":0,"rechecked":0,"regressed":0,"released":0,"purged":0} {"context":"SchedulerService"}
[2026-09-18 19:37:00.044 +0530] DEBUG (75446): retention: no screenshots older than 90 days {"context":"ScreenshotRetentionService"}
[2026-09-18 19:37:00.045 +0530] INFO (75446): maintenance tick {"expired":0,"rechecked":0,"regressed":0,"released":0,"purged":0} {"context":"SchedulerService"}
[2026-09-18 19:37:20.179 +0530] INFO (75446): request completed {"req":{"id":"4808b641-d696-4afc-a3d8-99ac3cf140c7","method":"GET","url":"/me","params":{"path":["me"]},"headers":{"host":"192.168.0.190:3001","content-type":"application/json","connection":"keep-alive","if-none-match":"W/\"1a9-DDTJTudYtiPmoxaqBDF8leumbgE\"","accept":"*/*","accept-language":"en-IN,en;q=0.9","accept-encoding":"gzip, deflate","user-agent":"fayr/1 CFNetwork/3896.100.1.2.1 Darwin/27.0.0"}},"requestId":"4808b641-d696-4afc-a3d8-99ac3cf140c7","res":{"statusCode":304,"headers":{"x-content-type-options":"nosniff","content-security-policy":"default-src 'none'; frame-ancestors 'none'; base-uri 'none'; form-action 'none'; sandbox","x-frame-options":"DENY","referrer-policy":"no-referrer","cross-origin-resource-policy":"same-site","x-permitted-cross-domain-policies":"none","vary":"Origin","x-request-id":"4808b641-d696-4afc-a3d8-99ac3cf140c7","x-ratelimit-limit":"60","x-ratelimit-remaining":"59","x-ratelimit-reset":"60","etag":"W/\"1a9-DDTJTudYtiPmoxaqBDF8leumbgE\""}},"responseTime":7}
[2026-09-18 19:37:20.183 +0530] INFO (75446): request completed {"req":{"id":"cedcdbc7-1498-46bd-8ff7-31ce4d790c35","method":"GET","url":"/tasks","params":{"path":["tasks"]},"headers":{"host":"192.168.0.190:3001","content-type":"application/json","connection":"keep-alive","if-none-match":"W/\"3f7a-hdTliopISa4O664YCoTEIWObotI\"","accept":"*/*","accept-language":"en-IN,en;q=0.9","accept-encoding":"gzip, deflate","user-agent":"fayr/1 CFNetwork/3896.100.1.2.1 Darwin/27.0.0"}},"requestId":"cedcdbc7-1498-46bd-8ff7-31ce4d790c35","res":{"statusCode":200,"headers":{"x-content-type-options":"nosniff","content-security-policy":"default-src 'none'; frame-ancestors 'none'; base-uri 'none'; form-action 'none'; sandbox","x-frame-options":"DENY","referrer-policy":"no-referrer","cross-origin-resource-policy":"same-site","x-permitted-cross-domain-policies":"none","vary":"Origin","x-request-id":"cedcdbc7-1498-46bd-8ff7-31ce4d790c35","x-ratelimit-limit":"60","x-ratelimit-remaining":"59","x-ratelimit-reset":"60","content-type":"application/json; charset=utf-8","content-length":"17816","etag":"W/\"4598-8QlI2ZJy0+GnY7NoyX7nJpvHK+w\""}},"responseTime":14}
[2026-09-18 19:38:00.074 +0530] DEBUG (75446): retention: no screenshots older than 90 days {"context":"ScreenshotRetentionService"}
[2026-09-18 19:38:00.075 +0530] INFO (75446): maintenance tick {"expired":0,"rechecked":0,"regressed":0,"released":0,"purged":0} {"context":"SchedulerService"}
[2026-09-18 19:38:12.449 +0530] INFO (75446): orders-found task=cc9f1c1a-e9fd-4868-b425-f3ec8ad51398 pages=1 lens=[161] {"req":{"id":"5b32921c-4517-4f8c-9a6e-91123d6f0e4d","method":"POST","url":"/tasks/cc9f1c1a-e9fd-4868-b425-f3ec8ad51398/orders-found","params":{"path":["tasks","cc9f1c1a-e9fd-4868-b425-f3ec8ad51398","orders-found"]},"headers":{"host":"192.168.0.190:3001","content-type":"application/json","user-agent":"fayr/1 CFNetwork/3896.100.1.2.1 Darwin/27.0.0","connection":"keep-alive","accept":"*/*","accept-language":"en-IN,en;q=0.9","content-length":"197","accept-encoding":"gzip, deflate"}},"requestId":"5b32921c-4517-4f8c-9a6e-91123d6f0e4d","context":"OrderCandidatesService"}
[2026-09-18 19:38:12.458 +0530] INFO (75446): orders-found task=cc9f1c1a-e9fd-4868-b425-f3ec8ad51398 judged=1 matched=0 reasons=[product_name_not_found] {"req":{"id":"5b32921c-4517-4f8c-9a6e-91123d6f0e4d","method":"POST","url":"/tasks/cc9f1c1a-e9fd-4868-b425-f3ec8ad51398/orders-found","params":{"path":["tasks","cc9f1c1a-e9fd-4868-b425-f3ec8ad51398","orders-found"]},"headers":{"host":"192.168.0.190:3001","content-type":"application/json","user-agent":"fayr/1 CFNetwork/3896.100.1.2.1 Darwin/27.0.0","connection":"keep-alive","accept":"*/*","accept-language":"en-IN,en;q=0.9","content-length":"197","accept-encoding":"gzip, deflate"}},"requestId":"5b32921c-4517-4f8c-9a6e-91123d6f0e4d","context":"OrderCandidatesService"}
[2026-09-18 19:38:12.477 +0530] INFO (75446): request completed {"req":{"id":"5b32921c-4517-4f8c-9a6e-91123d6f0e4d","method":"POST","url":"/tasks/cc9f1c1a-e9fd-4868-b425-f3ec8ad51398/orders-found","params":{"path":["tasks","cc9f1c1a-e9fd-4868-b425-f3ec8ad51398","orders-found"]},"headers":{"host":"192.168.0.190:3001","content-type":"application/json","user-agent":"fayr/1 CFNetwork/3896.100.1.2.1 Darwin/27.0.0","connection":"keep-alive","accept":"*/*","accept-language":"en-IN,en;q=0.9","content-length":"197","accept-encoding":"gzip, deflate"}},"requestId":"5b32921c-4517-4f8c-9a6e-91123d6f0e4d","res":{"statusCode":200,"headers":{"x-content-type-options":"nosniff","content-security-policy":"default-src 'none'; frame-ancestors 'none'; base-uri 'none'; form-action 'none'; sandbox","x-frame-options":"DENY","referrer-policy":"no-referrer","cross-origin-resource-policy":"same-site","x-permitted-cross-domain-policies":"none","vary":"Origin","x-request-id":"5b32921c-4517-4f8c-9a6e-91123d6f0e4d","x-ratelimit-limit":"60","x-ratelimit-remaining":"59","x-ratelimit-reset":"60","content-type":"application/json; charset=utf-8","content-length":"420","etag":"W/\"1a4-ig33EbbVo9mxHaTOaW5maI4xOwU\""}},"responseTime":48}
[2026-09-18 19:38:13.680 +0530] INFO (75446): orders-found task=cc9f1c1a-e9fd-4868-b425-f3ec8ad51398 pages=2 lens=[161,458] {"req":{"id":"0f3275b1-4549-46b9-ae18-49a8659830fe","method":"POST","url":"/tasks/cc9f1c1a-e9fd-4868-b425-f3ec8ad51398/orders-found","params":{"path":["tasks","cc9f1c1a-e9fd-4868-b425-f3ec8ad51398","orders-found"]},"headers":{"host":"192.168.0.190:3001","content-type":"application/json","user-agent":"fayr/1 CFNetwork/3896.100.1.2.1 Darwin/27.0.0","connection":"keep-alive","accept":"*/*","accept-language":"en-IN,en;q=0.9","content-length":"726","accept-encoding":"gzip, deflate"}},"requestId":"0f3275b1-4549-46b9-ae18-49a8659830fe","context":"OrderCandidatesService"}
[2026-09-18 19:38:13.683 +0530] INFO (75446): orders-found task=cc9f1c1a-e9fd-4868-b425-f3ec8ad51398 judged=2 matched=0 reasons=[product_name_not_found,product_name_not_found] {"req":{"id":"0f3275b1-4549-46b9-ae18-49a8659830fe","method":"POST","url":"/tasks/cc9f1c1a-e9fd-4868-b425-f3ec8ad51398/orders-found","params":{"path":["tasks","cc9f1c1a-e9fd-4868-b425-f3ec8ad51398","orders-found"]},"headers":{"host":"192.168.0.190:3001","content-type":"application/json","user-agent":"fayr/1 CFNetwork/3896.100.1.2.1 Darwin/27.0.0","connection":"keep-alive","accept":"*/*","accept-language":"en-IN,en;q=0.9","content-length":"726","accept-encoding":"gzip, deflate"}},"requestId":"0f3275b1-4549-46b9-ae18-49a8659830fe","context":"OrderCandidatesService"}
[2026-09-18 19:38:13.710 +0530] INFO (75446): request completed {"req":{"id":"0f3275b1-4549-46b9-ae18-49a8659830fe","method":"POST","url":"/tasks/cc9f1c1a-e9fd-4868-b425-f3ec8ad51398/orders-found","params":{"path":["tasks","cc9f1c1a-e9fd-4868-b425-f3ec8ad51398","orders-found"]},"headers":{"host":"192.168.0.190:3001","content-type":"application/json","user-agent":"fayr/1 CFNetwork/3896.100.1.2.1 Darwin/27.0.0","connection":"keep-alive","accept":"*/*","accept-language":"en-IN,en;q=0.9","content-length":"726","accept-encoding":"gzip, deflate"}},"requestId":"0f3275b1-4549-46b9-ae18-49a8659830fe","res":{"statusCode":200,"headers":{"x-content-type-options":"nosniff","content-security-policy":"default-src 'none'; frame-ancestors 'none'; base-uri 'none'; form-action 'none'; sandbox","x-frame-options":"DENY","referrer-policy":"no-referrer","cross-origin-resource-policy":"same-site","x-permitted-cross-domain-policies":"none","vary":"Origin","x-request-id":"0f3275b1-4549-46b9-ae18-49a8659830fe","x-ratelimit-limit":"60","x-ratelimit-remaining":"58","x-ratelimit-reset":"59","content-type":"application/json; charset=utf-8","content-length":"1109","etag":"W/\"455-ghBaYAE1YcKBMPrsN1UMGnHLefA\""}},"responseTime":41}
[2026-09-18 19:38:15.778 +0530] INFO (75446): orders-found task=cc9f1c1a-e9fd-4868-b425-f3ec8ad51398 pages=3 lens=[161,458,313] {"req":{"id":"48f8e528-53d5-46e1-bac4-1be532e8d77a","method":"POST","url":"/tasks/cc9f1c1a-e9fd-4868-b425-f3ec8ad51398/orders-found","params":{"path":["tasks","cc9f1c1a-e9fd-4868-b425-f3ec8ad51398","orders-found"]},"headers":{"host":"192.168.0.190:3001","content-type":"application/json","user-agent":"fayr/1 CFNetwork/3896.100.1.2.1 Darwin/27.0.0","connection":"keep-alive","accept":"*/*","accept-language":"en-IN,en;q=0.9","content-length":"1082","accept-encoding":"gzip, deflate"}},"requestId":"48f8e528-53d5-46e1-bac4-1be532e8d77a","context":"OrderCandidatesService"}
[2026-09-18 19:38:15.781 +0530] INFO (75446): orders-found task=cc9f1c1a-e9fd-4868-b425-f3ec8ad51398 judged=3 matched=0 reasons=[product_name_not_found,product_name_not_found,product_name_not_found] {"req":{"id":"48f8e528-53d5-46e1-bac4-1be532e8d77a","method":"POST","url":"/tasks/cc9f1c1a-e9fd-4868-b425-f3ec8ad51398/orders-found","params":{"path":["tasks","cc9f1c1a-e9fd-4868-b425-f3ec8ad51398","orders-found"]},"headers":{"host":"192.168.0.190:3001","content-type":"application/json","user-agent":"fayr/1 CFNetwork/3896.100.1.2.1 Darwin/27.0.0","connection":"keep-alive","accept":"*/*","accept-language":"en-IN,en;q=0.9","content-length":"1082","accept-encoding":"gzip, deflate"}},"requestId":"48f8e528-53d5-46e1-bac4-1be532e8d77a","context":"OrderCandidatesService"}
[2026-09-18 19:38:15.796 +0530] INFO (75446): request completed {"req":{"id":"48f8e528-53d5-46e1-bac4-1be532e8d77a","method":"POST","url":"/tasks/cc9f1c1a-e9fd-4868-b425-f3ec8ad51398/orders-found","params":{"path":["tasks","cc9f1c1a-e9fd-4868-b425-f3ec8ad51398","orders-found"]},"headers":{"host":"192.168.0.190:3001","content-type":"application/json","user-agent":"fayr/1 CFNetwork/3896.100.1.2.1 Darwin/27.0.0","connection":"keep-alive","accept":"*/*","accept-language":"en-IN,en;q=0.9","content-length":"1082","accept-encoding":"gzip, deflate"}},"requestId":"48f8e528-53d5-46e1-bac4-1be532e8d77a","res":{"statusCode":200,"headers":{"x-content-type-options":"nosniff","content-security-policy":"default-src 'none'; frame-ancestors 'none'; base-uri 'none'; form-action 'none'; sandbox","x-frame-options":"DENY","referrer-policy":"no-referrer","cross-origin-resource-policy":"same-site","x-permitted-cross-domain-policies":"none","vary":"Origin","x-request-id":"48f8e528-53d5-46e1-bac4-1be532e8d77a","x-ratelimit-limit":"60","x-ratelimit-remaining":"57","x-ratelimit-reset":"57","content-type":"application/json; charset=utf-8","content-length":"1658","etag":"W/\"67a-hw+do/3MeDZzRncc5kTqewvlaG8\""}},"responseTime":29}
[2026-09-18 19:38:17.076 +0530] INFO (75446): orders-found task=cc9f1c1a-e9fd-4868-b425-f3ec8ad51398 pages=4 lens=[161,458,313,707] {"req":{"id":"29d32016-ec83-4919-ac5e-b5998cedcda0","method":"POST","url":"/tasks/cc9f1c1a-e9fd-4868-b425-f3ec8ad51398/orders-found","params":{"path":["tasks","cc9f1c1a-e9fd-4868-b425-f3ec8ad51398","orders-found"]},"headers":{"host":"192.168.0.190:3001","content-type":"application/json","user-agent":"fayr/1 CFNetwork/3896.100.1.2.1 Darwin/27.0.0","connection":"keep-alive","accept":"*/*","accept-language":"en-IN,en;q=0.9","content-length":"1884","accept-encoding":"gzip, deflate"}},"requestId":"29d32016-ec83-4919-ac5e-b5998cedcda0","context":"OrderCandidatesService"}
[2026-09-18 19:38:17.080 +0530] INFO (75446): orders-found task=cc9f1c1a-e9fd-4868-b425-f3ec8ad51398 judged=4 matched=0 reasons=[product_name_not_found,product_name_not_found,product_name_not_found,product_name_not_found] {"req":{"id":"29d32016-ec83-4919-ac5e-b5998cedcda0","method":"POST","url":"/tasks/cc9f1c1a-e9fd-4868-b425-f3ec8ad51398/orders-found","params":{"path":["tasks","cc9f1c1a-e9fd-4868-b425-f3ec8ad51398","orders-found"]},"headers":{"host":"192.168.0.190:3001","content-type":"application/json","user-agent":"fayr/1 CFNetwork/3896.100.1.2.1 Darwin/27.0.0","connection":"keep-alive","accept":"*/*","accept-language":"en-IN,en;q=0.9","content-length":"1884","accept-encoding":"gzip, deflate"}},"requestId":"29d32016-ec83-4919-ac5e-b5998cedcda0","context":"OrderCandidatesService"}
[2026-09-18 19:38:17.101 +0530] INFO (75446): request completed {"req":{"id":"29d32016-ec83-4919-ac5e-b5998cedcda0","method":"POST","url":"/tasks/cc9f1c1a-e9fd-4868-b425-f3ec8ad51398/orders-found","params":{"path":["tasks","cc9f1c1a-e9fd-4868-b425-f3ec8ad51398","orders-found"]},"headers":{"host":"192.168.0.190:3001","content-type":"application/json","user-agent":"fayr/1 CFNetwork/3896.100.1.2.1 Darwin/27.0.0","connection":"keep-alive","accept":"*/*","accept-language":"en-IN,en;q=0.9","content-length":"1884","accept-encoding":"gzip, deflate"}},"requestId":"29d32016-ec83-4919-ac5e-b5998cedcda0","res":{"statusCode":200,"headers":{"x-content-type-options":"nosniff","content-security-policy":"default-src 'none'; frame-ancestors 'none'; base-uri 'none'; form-action 'none'; sandbox","x-frame-options":"DENY","referrer-policy":"no-referrer","cross-origin-resource-policy":"same-site","x-permitted-cross-domain-policies":"none","vary":"Origin","x-request-id":"29d32016-ec83-4919-ac5e-b5998cedcda0","x-ratelimit-limit":"60","x-ratelimit-remaining":"56","x-ratelimit-reset":"56","content-type":"application/json; charset=utf-8","content-length":"2620","etag":"W/\"a3c-eKOzWdZxY2wHOs6lsmII2dj35Ao\""}},"responseTime":34}
[2026-09-18 19:38:18.339 +0530] INFO (75446): orders-found task=cc9f1c1a-e9fd-4868-b425-f3ec8ad51398 pages=5 lens=[161,458,313,707,198] {"req":{"id":"2e29aa7f-1808-4cb9-b1a9-c28242efc580","method":"POST","url":"/tasks/cc9f1c1a-e9fd-4868-b425-f3ec8ad51398/orders-found","params":{"path":["tasks","cc9f1c1a-e9fd-4868-b425-f3ec8ad51398","orders-found"]},"headers":{"host":"192.168.0.190:3001","content-type":"application/json","user-agent":"fayr/1 CFNetwork/3896.100.1.2.1 Darwin/27.0.0","connection":"keep-alive","accept":"*/*","accept-language":"en-IN,en;q=0.9","content-length":"2111","accept-encoding":"gzip, deflate"}},"requestId":"2e29aa7f-1808-4cb9-b1a9-c28242efc580","context":"OrderCandidatesService"}
[2026-09-18 19:38:18.342 +0530] INFO (75446): orders-found task=cc9f1c1a-e9fd-4868-b425-f3ec8ad51398 judged=5 matched=0 reasons=[product_name_not_found,product_name_not_found,product_name_not_found,product_name_not_found,product_name_not_found] {"req":{"id":"2e29aa7f-1808-4cb9-b1a9-c28242efc580","method":"POST","url":"/tasks/cc9f1c1a-e9fd-4868-b425-f3ec8ad51398/orders-found","params":{"path":["tasks","cc9f1c1a-e9fd-4868-b425-f3ec8ad51398","orders-found"]},"headers":{"host":"192.168.0.190:3001","content-type":"application/json","user-agent":"fayr/1 CFNetwork/3896.100.1.2.1 Darwin/27.0.0","connection":"keep-alive","accept":"*/*","accept-language":"en-IN,en;q=0.9","content-length":"2111","accept-encoding":"gzip, deflate"}},"requestId":"2e29aa7f-1808-4cb9-b1a9-c28242efc580","context":"OrderCandidatesService"}
[2026-09-18 19:38:18.363 +0530] INFO (75446): request completed {"req":{"id":"2e29aa7f-1808-4cb9-b1a9-c28242efc580","method":"POST","url":"/tasks/cc9f1c1a-e9fd-4868-b425-f3ec8ad51398/orders-found","params":{"path":["tasks","cc9f1c1a-e9fd-4868-b425-f3ec8ad51398","orders-found"]},"headers":{"host":"192.168.0.190:3001","content-type":"application/json","user-agent":"fayr/1 CFNetwork/3896.100.1.2.1 Darwin/27.0.0","connection":"keep-alive","accept":"*/*","accept-language":"en-IN,en;q=0.9","content-length":"2111","accept-encoding":"gzip, deflate"}},"requestId":"2e29aa7f-1808-4cb9-b1a9-c28242efc580","res":{"statusCode":200,"headers":{"x-content-type-options":"nosniff","content-security-policy":"default-src 'none'; frame-ancestors 'none'; base-uri 'none'; form-action 'none'; sandbox","x-frame-options":"DENY","referrer-policy":"no-referrer","cross-origin-resource-policy":"same-site","x-permitted-cross-domain-policies":"none","vary":"Origin","x-request-id":"2e29aa7f-1808-4cb9-b1a9-c28242efc580","x-ratelimit-limit":"60","x-ratelimit-remaining":"55","x-ratelimit-reset":"55","content-type":"application/json; charset=utf-8","content-length":"3055","etag":"W/\"bef-Obd5weIvufVATOm3DmH175hU+oo\""}},"responseTime":34}
[2026-09-18 19:38:19.549 +0530] INFO (75446): orders-found task=cc9f1c1a-e9fd-4868-b425-f3ec8ad51398 pages=6 lens=[161,458,313,707,198,160] {"req":{"id":"fd8d7d2b-3609-429d-bf43-6dbcfb4de5e9","method":"POST","url":"/tasks/cc9f1c1a-e9fd-4868-b425-f3ec8ad51398/orders-found","params":{"path":["tasks","cc9f1c1a-e9fd-4868-b425-f3ec8ad51398","orders-found"]},"headers":{"host":"192.168.0.190:3001","content-type":"application/json","user-agent":"fayr/1 CFNetwork/3896.100.1.2.1 Darwin/27.0.0","connection":"keep-alive","accept":"*/*","accept-language":"en-IN,en;q=0.9","content-length":"2299","accept-encoding":"gzip, deflate"}},"requestId":"fd8d7d2b-3609-429d-bf43-6dbcfb4de5e9","context":"OrderCandidatesService"}
[2026-09-18 19:38:19.552 +0530] INFO (75446): orders-found task=cc9f1c1a-e9fd-4868-b425-f3ec8ad51398 judged=6 matched=0 reasons=[product_name_not_found,product_name_not_found,product_name_not_found,product_name_not_found,product_name_not_found,product_name_not_found] {"req":{"id":"fd8d7d2b-3609-429d-bf43-6dbcfb4de5e9","method":"POST","url":"/tasks/cc9f1c1a-e9fd-4868-b425-f3ec8ad51398/orders-found","params":{"path":["tasks","cc9f1c1a-e9fd-4868-b425-f3ec8ad51398","orders-found"]},"headers":{"host":"192.168.0.190:3001","content-type":"application/json","user-agent":"fayr/1 CFNetwork/3896.100.1.2.1 Darwin/27.0.0","connection":"keep-alive","accept":"*/*","accept-language":"en-IN,en;q=0.9","content-length":"2299","accept-encoding":"gzip, deflate"}},"requestId":"fd8d7d2b-3609-429d-bf43-6dbcfb4de5e9","context":"OrderCandidatesService"}
[2026-09-18 19:38:19.569 +0530] INFO (75446): request completed {"req":{"id":"fd8d7d2b-3609-429d-bf43-6dbcfb4de5e9","method":"POST","url":"/tasks/cc9f1c1a-e9fd-4868-b425-f3ec8ad51398/orders-found","params":{"path":["tasks","cc9f1c1a-e9fd-4868-b425-f3ec8ad51398","orders-found"]},"headers":{"host":"192.168.0.190:3001","content-type":"application/json","user-agent":"fayr/1 CFNetwork/3896.100.1.2.1 Darwin/27.0.0","connection":"keep-alive","accept":"*/*","accept-language":"en-IN,en;q=0.9","content-length":"2299","accept-encoding":"gzip, deflate"}},"requestId":"fd8d7d2b-3609-429d-bf43-6dbcfb4de5e9","res":{"statusCode":200,"headers":{"x-content-type-options":"nosniff","content-security-policy":"default-src 'none'; frame-ancestors 'none'; base-uri 'none'; form-action 'none'; sandbox","x-frame-options":"DENY","referrer-policy":"no-referrer","cross-origin-resource-policy":"same-site","x-permitted-cross-domain-policies":"none","vary":"Origin","x-request-id":"fd8d7d2b-3609-429d-bf43-6dbcfb4de5e9","x-ratelimit-limit":"60","x-ratelimit-remaining":"54","x-ratelimit-reset":"53","content-type":"application/json; charset=utf-8","content-length":"3460","etag":"W/\"d84-VrdOqnNe40ZmZM9J0TkglqOKATg\""}},"responseTime":30}
[2026-09-18 19:38:20.899 +0530] INFO (75446): orders-found task=cc9f1c1a-e9fd-4868-b425-f3ec8ad51398 pages=7 lens=[161,458,313,707,198,160,327] {"req":{"id":"5f017102-eef7-4392-ad2f-200219efbeca","method":"POST","url":"/tasks/cc9f1c1a-e9fd-4868-b425-f3ec8ad51398/orders-found","params":{"path":["tasks","cc9f1c1a-e9fd-4868-b425-f3ec8ad51398","orders-found"]},"headers":{"host":"192.168.0.190:3001","content-type":"application/json","user-agent":"fayr/1 CFNetwork/3896.100.1.2.1 Darwin/27.0.0","connection":"keep-alive","accept":"*/*","accept-language":"en-IN,en;q=0.9","content-length":"2682","accept-encoding":"gzip, deflate"}},"requestId":"5f017102-eef7-4392-ad2f-200219efbeca","context":"OrderCandidatesService"}
[2026-09-18 19:38:20.903 +0530] INFO (75446): orders-found task=cc9f1c1a-e9fd-4868-b425-f3ec8ad51398 judged=7 matched=0 reasons=[product_name_not_found,product_name_not_found,product_name_not_found,product_name_not_found,product_name_not_found,product_name_not_found,product_name_not_found] {"req":{"id":"5f017102-eef7-4392-ad2f-200219efbeca","method":"POST","url":"/tasks/cc9f1c1a-e9fd-4868-b425-f3ec8ad51398/orders-found","params":{"path":["tasks","cc9f1c1a-e9fd-4868-b425-f3ec8ad51398","orders-found"]},"headers":{"host":"192.168.0.190:3001","content-type":"application/json","user-agent":"fayr/1 CFNetwork/3896.100.1.2.1 Darwin/27.0.0","connection":"keep-alive","accept":"*/*","accept-language":"en-IN,en;q=0.9","content-length":"2682","accept-encoding":"gzip, deflate"}},"requestId":"5f017102-eef7-4392-ad2f-200219efbeca","context":"OrderCandidatesService"}
[2026-09-18 19:38:20.921 +0530] INFO (75446): request completed {"req":{"id":"5f017102-eef7-4392-ad2f-200219efbeca","method":"POST","url":"/tasks/cc9f1c1a-e9fd-4868-b425-f3ec8ad51398/orders-found","params":{"path":["tasks","cc9f1c1a-e9fd-4868-b425-f3ec8ad51398","orders-found"]},"headers":{"host":"192.168.0.190:3001","content-type":"application/json","user-agent":"fayr/1 CFNetwork/3896.100.1.2.1 Darwin/27.0.0","connection":"keep-alive","accept":"*/*","accept-language":"en-IN,en;q=0.9","content-length":"2682","accept-encoding":"gzip, deflate"}},"requestId":"5f017102-eef7-4392-ad2f-200219efbeca","res":{"statusCode":200,"headers":{"x-content-type-options":"nosniff","content-security-policy":"default-src 'none'; frame-ancestors 'none'; base-uri 'none'; form-action 'none'; sandbox","x-frame-options":"DENY","referrer-policy":"no-referrer","cross-origin-resource-policy":"same-site","x-permitted-cross-domain-policies":"none","vary":"Origin","x-request-id":"5f017102-eef7-4392-ad2f-200219efbeca","x-ratelimit-limit":"60","x-ratelimit-remaining":"53","x-ratelimit-reset":"52","content-type":"application/json; charset=utf-8","content-length":"4027","etag":"W/\"fbb-x2+4bAksDiqwF+YN9xr/joG1bcM\""}},"responseTime":33}
[2026-09-18 19:38:20.955 +0530] INFO (75446): request completed {"req":{"id":"8508a302-9570-4046-a899-50ba60c3a1b8","method":"GET","url":"/tasks","params":{"path":["tasks"]},"headers":{"host":"192.168.0.190:3001","content-type":"application/json","connection":"keep-alive","if-none-match":"W/\"4598-8QlI2ZJy0+GnY7NoyX7nJpvHK+w\"","accept":"*/*","accept-language":"en-IN,en;q=0.9","accept-encoding":"gzip, deflate","user-agent":"fayr/1 CFNetwork/3896.100.1.2.1 Darwin/27.0.0"}},"requestId":"8508a302-9570-4046-a899-50ba60c3a1b8","res":{"statusCode":304,"headers":{"x-content-type-options":"nosniff","content-security-policy":"default-src 'none'; frame-ancestors 'none'; base-uri 'none'; form-action 'none'; sandbox","x-frame-options":"DENY","referrer-policy":"no-referrer","cross-origin-resource-policy":"same-site","x-permitted-cross-domain-policies":"none","vary":"Origin","x-request-id":"8508a302-9570-4046-a899-50ba60c3a1b8","x-ratelimit-limit":"60","x-ratelimit-remaining":"59","x-ratelimit-reset":"60","etag":"W/\"4598-8QlI2ZJy0+GnY7NoyX7nJpvHK+w\""}},"responseTime":11}
[2026-09-18 19:38:21.058 +0530] INFO (75446): request completed {"req":{"id":"d0f34fa7-654a-4346-8aac-55e1b85a762a","method":"GET","url":"/tasks/cc9f1c1a-e9fd-4868-b425-f3ec8ad51398/screenshots","params":{"path":["tasks","cc9f1c1a-e9fd-4868-b425-f3ec8ad51398","screenshots"]},"headers":{"host":"192.168.0.190:3001","content-type":"application/json","connection":"keep-alive","accept":"*/*","user-agent":"fayr/1 CFNetwork/3896.100.1.2.1 Darwin/27.0.0","accept-language":"en-IN,en;q=0.9","accept-encoding":"gzip, deflate"}},"requestId":"d0f34fa7-654a-4346-8aac-55e1b85a762a","res":{"statusCode":200,"headers":{"x-content-type-options":"nosniff","content-security-policy":"default-src 'none'; frame-ancestors 'none'; base-uri 'none'; form-action 'none'; sandbox","x-frame-options":"DENY","referrer-policy":"no-referrer","cross-origin-resource-policy":"same-site","x-permitted-cross-domain-policies":"none","vary":"Origin","x-request-id":"d0f34fa7-654a-4346-8aac-55e1b85a762a","x-ratelimit-limit":"60","x-ratelimit-remaining":"59","x-ratelimit-reset":"60","content-type":"application/json; charset=utf-8","content-length":"2","etag":"W/\"2-l9Fw4VUO7kr8CvBlt4zaMCqXZ0w\""}},"responseTime":10}
[2026-09-18 19:38:21.060 +0530] INFO (75446): request completed {"req":{"id":"de599892-07d2-4e14-8936-174693207c31","method":"GET","url":"/tasks/cc9f1c1a-e9fd-4868-b425-f3ec8ad51398","params":{"path":["tasks","cc9f1c1a-e9fd-4868-b425-f3ec8ad51398"]},"headers":{"host":"192.168.0.190:3001","content-type":"application/json","connection":"keep-alive","accept":"*/*","user-agent":"fayr/1 CFNetwork/3896.100.1.2.1 Darwin/27.0.0","accept-language":"en-IN,en;q=0.9","accept-encoding":"gzip, deflate"}},"requestId":"de599892-07d2-4e14-8936-174693207c31","res":{"statusCode":200,"headers":{"x-content-type-options":"nosniff","content-security-policy":"default-src 'none'; frame-ancestors 'none'; base-uri 'none'; form-action 'none'; sandbox","x-frame-options":"DENY","referrer-policy":"no-referrer","cross-origin-resource-policy":"same-site","x-permitted-cross-domain-policies":"none","vary":"Origin","x-request-id":"de599892-07d2-4e14-8936-174693207c31","x-ratelimit-limit":"60","x-ratelimit-remaining":"59","x-ratelimit-reset":"60","content-type":"application/json; charset=utf-8","content-length":"1565","etag":"W/\"61d-M2os5cWmbA6kZf6bzw5257qEjMI\""}},"responseTime":3}
[2026-09-18 19:38:21.064 +0530] INFO (75446): request completed {"req":{"id":"c0d6f478-f4d9-42d9-a2f6-e64589f5c60d","method":"GET","url":"/tasks/cc9f1c1a-e9fd-4868-b425-f3ec8ad51398/screenshots","params":{"path":["tasks","cc9f1c1a-e9fd-4868-b425-f3ec8ad51398","screenshots"]},"headers":{"host":"192.168.0.190:3001","content-type":"application/json","connection":"keep-alive","accept":"*/*","user-agent":"fayr/1 CFNetwork/3896.100.1.2.1 Darwin/27.0.0","accept-language":"en-IN,en;q=0.9","accept-encoding":"gzip, deflate"}},"requestId":"c0d6f478-f4d9-42d9-a2f6-e64589f5c60d","res":{"statusCode":200,"headers":{"x-content-type-options":"nosniff","content-security-policy":"default-src 'none'; frame-ancestors 'none'; base-uri 'none'; form-action 'none'; sandbox","x-frame-options":"DENY","referrer-policy":"no-referrer","cross-origin-resource-policy":"same-site","x-permitted-cross-domain-policies":"none","vary":"Origin","x-request-id":"c0d6f478-f4d9-42d9-a2f6-e64589f5c60d","x-ratelimit-limit":"60","x-ratelimit-remaining":"58","x-ratelimit-reset":"60","content-type":"application/json; charset=utf-8","content-length":"2","etag":"W/\"2-l9Fw4VUO7kr8CvBlt4zaMCqXZ0w\""}},"responseTime":7}
[2026-09-18 19:38:25.278 +0530] INFO (75446): request completed {"req":{"id":"d8143f2a-6274-4809-bcd4-be592629abc3","method":"POST","url":"/tasks/cc9f1c1a-e9fd-4868-b425-f3ec8ad51398/going-to-the-shop","params":{"path":["tasks","cc9f1c1a-e9fd-4868-b425-f3ec8ad51398","going-to-the-shop"]},"headers":{"host":"192.168.0.190:3001","content-type":"application/json","content-length":"0","connection":"keep-alive","if-none-match":"W/\"61d-M2os5cWmbA6kZf6bzw5257qEjMI\"","accept":"*/*","accept-language":"en-IN,en;q=0.9","accept-encoding":"gzip, deflate","user-agent":"fayr/1 CFNetwork/3896.100.1.2.1 Darwin/27.0.0"}},"requestId":"d8143f2a-6274-4809-bcd4-be592629abc3","res":{"statusCode":200,"headers":{"x-content-type-options":"nosniff","content-security-policy":"default-src 'none'; frame-ancestors 'none'; base-uri 'none'; form-action 'none'; sandbox","x-frame-options":"DENY","referrer-policy":"no-referrer","cross-origin-resource-policy":"same-site","x-permitted-cross-domain-policies":"none","vary":"Origin","x-request-id":"d8143f2a-6274-4809-bcd4-be592629abc3","x-ratelimit-limit":"60","x-ratelimit-remaining":"59","x-ratelimit-reset":"60","content-type":"application/json; charset=utf-8","content-length":"1565","etag":"W/\"61d-M2os5cWmbA6kZf6bzw5257qEjMI\""}},"responseTime":12}
[2026-09-18 19:38:46.810 +0530] INFO (75446): orders-found task=cc9f1c1a-e9fd-4868-b425-f3ec8ad51398 pages=1 lens=[161] {"req":{"id":"1675eea5-1cfb-4c2b-81a6-cba6523cb48a","method":"POST","url":"/tasks/cc9f1c1a-e9fd-4868-b425-f3ec8ad51398/orders-found","params":{"path":["tasks","cc9f1c1a-e9fd-4868-b425-f3ec8ad51398","orders-found"]},"headers":{"host":"192.168.0.190:3001","content-type":"application/json","user-agent":"fayr/1 CFNetwork/3896.100.1.2.1 Darwin/27.0.0","connection":"keep-alive","accept":"*/*","accept-language":"en-IN,en;q=0.9","content-length":"197","accept-encoding":"gzip, deflate"}},"requestId":"1675eea5-1cfb-4c2b-81a6-cba6523cb48a","context":"OrderCandidatesService"}
[2026-09-18 19:38:46.811 +0530] INFO (75446): orders-found task=cc9f1c1a-e9fd-4868-b425-f3ec8ad51398 judged=1 matched=0 reasons=[product_name_not_found] {"req":{"id":"1675eea5-1cfb-4c2b-81a6-cba6523cb48a","method":"POST","url":"/tasks/cc9f1c1a-e9fd-4868-b425-f3ec8ad51398/orders-found","params":{"path":["tasks","cc9f1c1a-e9fd-4868-b425-f3ec8ad51398","orders-found"]},"headers":{"host":"192.168.0.190:3001","content-type":"application/json","user-agent":"fayr/1 CFNetwork/3896.100.1.2.1 Darwin/27.0.0","connection":"keep-alive","accept":"*/*","accept-language":"en-IN,en;q=0.9","content-length":"197","accept-encoding":"gzip, deflate"}},"requestId":"1675eea5-1cfb-4c2b-81a6-cba6523cb48a","context":"OrderCandidatesService"}
[2026-09-18 19:38:46.831 +0530] INFO (75446): request completed {"req":{"id":"1675eea5-1cfb-4c2b-81a6-cba6523cb48a","method":"POST","url":"/tasks/cc9f1c1a-e9fd-4868-b425-f3ec8ad51398/orders-found","params":{"path":["tasks","cc9f1c1a-e9fd-4868-b425-f3ec8ad51398","orders-found"]},"headers":{"host":"192.168.0.190:3001","content-type":"application/json","user-agent":"fayr/1 CFNetwork/3896.100.1.2.1 Darwin/27.0.0","connection":"keep-alive","accept":"*/*","accept-language":"en-IN,en;q=0.9","content-length":"197","accept-encoding":"gzip, deflate"}},"requestId":"1675eea5-1cfb-4c2b-81a6-cba6523cb48a","res":{"statusCode":200,"headers":{"x-content-type-options":"nosniff","content-security-policy":"default-src 'none'; frame-ancestors 'none'; base-uri 'none'; form-action 'none'; sandbox","x-frame-options":"DENY","referrer-policy":"no-referrer","cross-origin-resource-policy":"same-site","x-permitted-cross-domain-policies":"none","vary":"Origin","x-request-id":"1675eea5-1cfb-4c2b-81a6-cba6523cb48a","x-ratelimit-limit":"60","x-ratelimit-remaining":"52","x-ratelimit-reset":"26","content-type":"application/json; charset=utf-8","content-length":"420","etag":"W/\"1a4-yGdW90Bl8KYYQjT/94Z906omxVk\""}},"responseTime":34}
[2026-09-18 19:38:48.004 +0530] INFO (75446): orders-found task=cc9f1c1a-e9fd-4868-b425-f3ec8ad51398 pages=2 lens=[161,458] {"req":{"id":"9922b239-4511-41a5-b18c-09ae990e3a7c","method":"POST","url":"/tasks/cc9f1c1a-e9fd-4868-b425-f3ec8ad51398/orders-found","params":{"path":["tasks","cc9f1c1a-e9fd-4868-b425-f3ec8ad51398","orders-found"]},"headers":{"host":"192.168.0.190:3001","content-type":"application/json","user-agent":"fayr/1 CFNetwork/3896.100.1.2.1 Darwin/27.0.0","connection":"keep-alive","accept":"*/*","accept-language":"en-IN,en;q=0.9","content-length":"726","accept-encoding":"gzip, deflate"}},"requestId":"9922b239-4511-41a5-b18c-09ae990e3a7c","context":"OrderCandidatesService"}
[2026-09-18 19:38:48.006 +0530] INFO (75446): orders-found task=cc9f1c1a-e9fd-4868-b425-f3ec8ad51398 judged=2 matched=0 reasons=[product_name_not_found,product_name_not_found] {"req":{"id":"9922b239-4511-41a5-b18c-09ae990e3a7c","method":"POST","url":"/tasks/cc9f1c1a-e9fd-4868-b425-f3ec8ad51398/orders-found","params":{"path":["tasks","cc9f1c1a-e9fd-4868-b425-f3ec8ad51398","orders-found"]},"headers":{"host":"192.168.0.190:3001","content-type":"application/json","user-agent":"fayr/1 CFNetwork/3896.100.1.2.1 Darwin/27.0.0","connection":"keep-alive","accept":"*/*","accept-language":"en-IN,en;q=0.9","content-length":"726","accept-encoding":"gzip, deflate"}},"requestId":"9922b239-4511-41a5-b18c-09ae990e3a7c","context":"OrderCandidatesService"}
[2026-09-18 19:38:48.024 +0530] INFO (75446): request completed {"req":{"id":"9922b239-4511-41a5-b18c-09ae990e3a7c","method":"POST","url":"/tasks/cc9f1c1a-e9fd-4868-b425-f3ec8ad51398/orders-found","params":{"path":["tasks","cc9f1c1a-e9fd-4868-b425-f3ec8ad51398","orders-found"]},"headers":{"host":"192.168.0.190:3001","content-type":"application/json","user-agent":"fayr/1 CFNetwork/3896.100.1.2.1 Darwin/27.0.0","connection":"keep-alive","accept":"*/*","accept-language":"en-IN,en;q=0.9","content-length":"726","accept-encoding":"gzip, deflate"}},"requestId":"9922b239-4511-41a5-b18c-09ae990e3a7c","res":{"statusCode":200,"headers":{"x-content-type-options":"nosniff","content-security-policy":"default-src 'none'; frame-ancestors 'none'; base-uri 'none'; form-action 'none'; sandbox","x-frame-options":"DENY","referrer-policy":"no-referrer","cross-origin-resource-policy":"same-site","x-permitted-cross-domain-policies":"none","vary":"Origin","x-request-id":"9922b239-4511-41a5-b18c-09ae990e3a7c","x-ratelimit-limit":"60","x-ratelimit-remaining":"51","x-ratelimit-reset":"25","content-type":"application/json; charset=utf-8","content-length":"1109","etag":"W/\"455-J2XlQEtR6zazX16bNBVSBEy7oXY\""}},"responseTime":30}
[2026-09-18 19:38:49.176 +0530] INFO (75446): orders-found task=cc9f1c1a-e9fd-4868-b425-f3ec8ad51398 pages=3 lens=[161,458,313] {"req":{"id":"98a4971b-c465-469c-9bfe-3ae8b29de063","method":"POST","url":"/tasks/cc9f1c1a-e9fd-4868-b425-f3ec8ad51398/orders-found","params":{"path":["tasks","cc9f1c1a-e9fd-4868-b425-f3ec8ad51398","orders-found"]},"headers":{"host":"192.168.0.190:3001","content-type":"application/json","user-agent":"fayr/1 CFNetwork/3896.100.1.2.1 Darwin/27.0.0","connection":"keep-alive","accept":"*/*","accept-language":"en-IN,en;q=0.9","content-length":"1082","accept-encoding":"gzip, deflate"}},"requestId":"98a4971b-c465-469c-9bfe-3ae8b29de063","context":"OrderCandidatesService"}
[2026-09-18 19:38:49.178 +0530] INFO (75446): orders-found task=cc9f1c1a-e9fd-4868-b425-f3ec8ad51398 judged=3 matched=0 reasons=[product_name_not_found,product_name_not_found,product_name_not_found] {"req":{"id":"98a4971b-c465-469c-9bfe-3ae8b29de063","method":"POST","url":"/tasks/cc9f1c1a-e9fd-4868-b425-f3ec8ad51398/orders-found","params":{"path":["tasks","cc9f1c1a-e9fd-4868-b425-f3ec8ad51398","orders-found"]},"headers":{"host":"192.168.0.190:3001","content-type":"application/json","user-agent":"fayr/1 CFNetwork/3896.100.1.2.1 Darwin/27.0.0","connection":"keep-alive","accept":"*/*","accept-language":"en-IN,en;q=0.9","content-length":"1082","accept-encoding":"gzip, deflate"}},"requestId":"98a4971b-c465-469c-9bfe-3ae8b29de063","context":"OrderCandidatesService"}
[2026-09-18 19:38:49.196 +0530] INFO (75446): request completed {"req":{"id":"98a4971b-c465-469c-9bfe-3ae8b29de063","method":"POST","url":"/tasks/cc9f1c1a-e9fd-4868-b425-f3ec8ad51398/orders-found","params":{"path":["tasks","cc9f1c1a-e9fd-4868-b425-f3ec8ad51398","orders-found"]},"headers":{"host":"192.168.0.190:3001","content-type":"application/json","user-agent":"fayr/1 CFNetwork/3896.100.1.2.1 Darwin/27.0.0","connection":"keep-alive","accept":"*/*","accept-language":"en-IN,en;q=0.9","content-length":"1082","accept-encoding":"gzip, deflate"}},"requestId":"98a4971b-c465-469c-9bfe-3ae8b29de063","res":{"statusCode":200,"headers":{"x-content-type-options":"nosniff","content-security-policy":"default-src 'none'; frame-ancestors 'none'; base-uri 'none'; form-action 'none'; sandbox","x-frame-options":"DENY","referrer-policy":"no-referrer","cross-origin-resource-policy":"same-site","x-permitted-cross-domain-policies":"none","vary":"Origin","x-request-id":"98a4971b-c465-469c-9bfe-3ae8b29de063","x-ratelimit-limit":"60","x-ratelimit-remaining":"50","x-ratelimit-reset":"24","content-type":"application/json; charset=utf-8","content-length":"1658","etag":"W/\"67a-9jiyX92aryhiNoEhLUILaAj+leE\""}},"responseTime":30}
[2026-09-18 19:38:50.404 +0530] INFO (75446): orders-found task=cc9f1c1a-e9fd-4868-b425-f3ec8ad51398 pages=4 lens=[161,458,313,707] {"req":{"id":"f4755422-8b71-434a-9b81-8eebbae61ca5","method":"POST","url":"/tasks/cc9f1c1a-e9fd-4868-b425-f3ec8ad51398/orders-found","params":{"path":["tasks","cc9f1c1a-e9fd-4868-b425-f3ec8ad51398","orders-found"]},"headers":{"host":"192.168.0.190:3001","content-type":"application/json","user-agent":"fayr/1 CFNetwork/3896.100.1.2.1 Darwin/27.0.0","connection":"keep-alive","accept":"*/*","accept-language":"en-IN,en;q=0.9","content-length":"1884","accept-encoding":"gzip, deflate"}},"requestId":"f4755422-8b71-434a-9b81-8eebbae61ca5","context":"OrderCandidatesService"}
[2026-09-18 19:38:50.406 +0530] INFO (75446): orders-found task=cc9f1c1a-e9fd-4868-b425-f3ec8ad51398 judged=4 matched=0 reasons=[product_name_not_found,product_name_not_found,product_name_not_found,product_name_not_found] {"req":{"id":"f4755422-8b71-434a-9b81-8eebbae61ca5","method":"POST","url":"/tasks/cc9f1c1a-e9fd-4868-b425-f3ec8ad51398/orders-found","params":{"path":["tasks","cc9f1c1a-e9fd-4868-b425-f3ec8ad51398","orders-found"]},"headers":{"host":"192.168.0.190:3001","content-type":"application/json","user-agent":"fayr/1 CFNetwork/3896.100.1.2.1 Darwin/27.0.0","connection":"keep-alive","accept":"*/*","accept-language":"en-IN,en;q=0.9","content-length":"1884","accept-encoding":"gzip, deflate"}},"requestId":"f4755422-8b71-434a-9b81-8eebbae61ca5","context":"OrderCandidatesService"}
[2026-09-18 19:38:50.419 +0530] INFO (75446): request completed {"req":{"id":"f4755422-8b71-434a-9b81-8eebbae61ca5","method":"POST","url":"/tasks/cc9f1c1a-e9fd-4868-b425-f3ec8ad51398/orders-found","params":{"path":["tasks","cc9f1c1a-e9fd-4868-b425-f3ec8ad51398","orders-found"]},"headers":{"host":"192.168.0.190:3001","content-type":"application/json","user-agent":"fayr/1 CFNetwork/3896.100.1.2.1 Darwin/27.0.0","connection":"keep-alive","accept":"*/*","accept-language":"en-IN,en;q=0.9","content-length":"1884","accept-encoding":"gzip, deflate"}},"requestId":"f4755422-8b71-434a-9b81-8eebbae61ca5","res":{"statusCode":200,"headers":{"x-content-type-options":"nosniff","content-security-policy":"default-src 'none'; frame-ancestors 'none'; base-uri 'none'; form-action 'none'; sandbox","x-frame-options":"DENY","referrer-policy":"no-referrer","cross-origin-resource-policy":"same-site","x-permitted-cross-domain-policies":"none","vary":"Origin","x-request-id":"f4755422-8b71-434a-9b81-8eebbae61ca5","x-ratelimit-limit":"60","x-ratelimit-remaining":"49","x-ratelimit-reset":"23","content-type":"application/json; charset=utf-8","content-length":"2620","etag":"W/\"a3c-pNDEGZgAPxTjeIzAonrZrOgQopE\""}},"responseTime":23}
[2026-09-18 19:38:51.552 +0530] INFO (75446): orders-found task=cc9f1c1a-e9fd-4868-b425-f3ec8ad51398 pages=5 lens=[161,458,313,707,198] {"req":{"id":"a5fd930f-21c7-4789-9cb9-ad0191270a67","method":"POST","url":"/tasks/cc9f1c1a-e9fd-4868-b425-f3ec8ad51398/orders-found","params":{"path":["tasks","cc9f1c1a-e9fd-4868-b425-f3ec8ad51398","orders-found"]},"headers":{"host":"192.168.0.190:3001","content-type":"application/json","user-agent":"fayr/1 CFNetwork/3896.100.1.2.1 Darwin/27.0.0","connection":"keep-alive","accept":"*/*","accept-language":"en-IN,en;q=0.9","content-length":"2111","accept-encoding":"gzip, deflate"}},"requestId":"a5fd930f-21c7-4789-9cb9-ad0191270a67","context":"OrderCandidatesService"}
[2026-09-18 19:38:51.554 +0530] INFO (75446): orders-found task=cc9f1c1a-e9fd-4868-b425-f3ec8ad51398 judged=5 matched=0 reasons=[product_name_not_found,product_name_not_found,product_name_not_found,product_name_not_found,product_name_not_found] {"req":{"id":"a5fd930f-21c7-4789-9cb9-ad0191270a67","method":"POST","url":"/tasks/cc9f1c1a-e9fd-4868-b425-f3ec8ad51398/orders-found","params":{"path":["tasks","cc9f1c1a-e9fd-4868-b425-f3ec8ad51398","orders-found"]},"headers":{"host":"192.168.0.190:3001","content-type":"application/json","user-agent":"fayr/1 CFNetwork/3896.100.1.2.1 Darwin/27.0.0","connection":"keep-alive","accept":"*/*","accept-language":"en-IN,en;q=0.9","content-length":"2111","accept-encoding":"gzip, deflate"}},"requestId":"a5fd930f-21c7-4789-9cb9-ad0191270a67","context":"OrderCandidatesService"}
[2026-09-18 19:38:51.566 +0530] INFO (75446): request completed {"req":{"id":"a5fd930f-21c7-4789-9cb9-ad0191270a67","method":"POST","url":"/tasks/cc9f1c1a-e9fd-4868-b425-f3ec8ad51398/orders-found","params":{"path":["tasks","cc9f1c1a-e9fd-4868-b425-f3ec8ad51398","orders-found"]},"headers":{"host":"192.168.0.190:3001","content-type":"application/json","user-agent":"fayr/1 CFNetwork/3896.100.1.2.1 Darwin/27.0.0","connection":"keep-alive","accept":"*/*","accept-language":"en-IN,en;q=0.9","content-length":"2111","accept-encoding":"gzip, deflate"}},"requestId":"a5fd930f-21c7-4789-9cb9-ad0191270a67","res":{"statusCode":200,"headers":{"x-content-type-options":"nosniff","content-security-policy":"default-src 'none'; frame-ancestors 'none'; base-uri 'none'; form-action 'none'; sandbox","x-frame-options":"DENY","referrer-policy":"no-referrer","cross-origin-resource-policy":"same-site","x-permitted-cross-domain-policies":"none","vary":"Origin","x-request-id":"a5fd930f-21c7-4789-9cb9-ad0191270a67","x-ratelimit-limit":"60","x-ratelimit-remaining":"48","x-ratelimit-reset":"21","content-type":"application/json; charset=utf-8","content-length":"3055","etag":"W/\"bef-Eo92u6uGiN7/LjkxeRxLyn9sMlk\""}},"responseTime":22}
[2026-09-18 19:38:53.769 +0530] INFO (75446): orders-found task=cc9f1c1a-e9fd-4868-b425-f3ec8ad51398 pages=6 lens=[161,458,313,707,198,327] {"req":{"id":"8f262583-759e-4235-beda-a25ff0f51722","method":"POST","url":"/tasks/cc9f1c1a-e9fd-4868-b425-f3ec8ad51398/orders-found","params":{"path":["tasks","cc9f1c1a-e9fd-4868-b425-f3ec8ad51398","orders-found"]},"headers":{"host":"192.168.0.190:3001","content-type":"application/json","user-agent":"fayr/1 CFNetwork/3896.100.1.2.1 Darwin/27.0.0","connection":"keep-alive","accept":"*/*","accept-language":"en-IN,en;q=0.9","content-length":"2494","accept-encoding":"gzip, deflate"}},"requestId":"8f262583-759e-4235-beda-a25ff0f51722","context":"OrderCandidatesService"}
[2026-09-18 19:38:53.772 +0530] INFO (75446): orders-found task=cc9f1c1a-e9fd-4868-b425-f3ec8ad51398 judged=6 matched=0 reasons=[product_name_not_found,product_name_not_found,product_name_not_found,product_name_not_found,product_name_not_found,product_name_not_found] {"req":{"id":"8f262583-759e-4235-beda-a25ff0f51722","method":"POST","url":"/tasks/cc9f1c1a-e9fd-4868-b425-f3ec8ad51398/orders-found","params":{"path":["tasks","cc9f1c1a-e9fd-4868-b425-f3ec8ad51398","orders-found"]},"headers":{"host":"192.168.0.190:3001","content-type":"application/json","user-agent":"fayr/1 CFNetwork/3896.100.1.2.1 Darwin/27.0.0","connection":"keep-alive","accept":"*/*","accept-language":"en-IN,en;q=0.9","content-length":"2494","accept-encoding":"gzip, deflate"}},"requestId":"8f262583-759e-4235-beda-a25ff0f51722","context":"OrderCandidatesService"}
[2026-09-18 19:38:53.787 +0530] INFO (75446): request completed {"req":{"id":"8f262583-759e-4235-beda-a25ff0f51722","method":"POST","url":"/tasks/cc9f1c1a-e9fd-4868-b425-f3ec8ad51398/orders-found","params":{"path":["tasks","cc9f1c1a-e9fd-4868-b425-f3ec8ad51398","orders-found"]},"headers":{"host":"192.168.0.190:3001","content-type":"application/json","user-agent":"fayr/1 CFNetwork/3896.100.1.2.1 Darwin/27.0.0","connection":"keep-alive","accept":"*/*","accept-language":"en-IN,en;q=0.9","content-length":"2494","accept-encoding":"gzip, deflate"}},"requestId":"8f262583-759e-4235-beda-a25ff0f51722","res":{"statusCode":200,"headers":{"x-content-type-options":"nosniff","content-security-policy":"default-src 'none'; frame-ancestors 'none'; base-uri 'none'; form-action 'none'; sandbox","x-frame-options":"DENY","referrer-policy":"no-referrer","cross-origin-resource-policy":"same-site","x-permitted-cross-domain-policies":"none","vary":"Origin","x-request-id":"8f262583-759e-4235-beda-a25ff0f51722","x-ratelimit-limit":"60","x-ratelimit-remaining":"47","x-ratelimit-reset":"19","content-type":"application/json; charset=utf-8","content-length":"3622","etag":"W/\"e26-I39/2tRW17N4VTzHh1MKzAg/reI\""}},"responseTime":28}
[2026-09-18 19:38:53.812 +0530] INFO (75446): request completed {"req":{"id":"f64ccc90-8481-46d9-be7a-b435f08b754e","method":"GET","url":"/tasks","params":{"path":["tasks"]},"headers":{"host":"192.168.0.190:3001","content-type":"application/json","connection":"keep-alive","if-none-match":"W/\"4598-8QlI2ZJy0+GnY7NoyX7nJpvHK+w\"","accept":"*/*","accept-language":"en-IN,en;q=0.9","accept-encoding":"gzip, deflate","user-agent":"fayr/1 CFNetwork/3896.100.1.2.1 Darwin/27.0.0"}},"requestId":"f64ccc90-8481-46d9-be7a-b435f08b754e","res":{"statusCode":304,"headers":{"x-content-type-options":"nosniff","content-security-policy":"default-src 'none'; frame-ancestors 'none'; base-uri 'none'; form-action 'none'; sandbox","x-frame-options":"DENY","referrer-policy":"no-referrer","cross-origin-resource-policy":"same-site","x-permitted-cross-domain-policies":"none","vary":"Origin","x-request-id":"f64ccc90-8481-46d9-be7a-b435f08b754e","x-ratelimit-limit":"60","x-ratelimit-remaining":"58","x-ratelimit-reset":"28","etag":"W/\"4598-8QlI2ZJy0+GnY7NoyX7nJpvHK+w\""}},"responseTime":8}
[2026-09-18 19:38:53.907 +0530] INFO (75446): request completed {"req":{"id":"81b78b8d-f736-4de4-811e-adab33ec512f","method":"GET","url":"/tasks/cc9f1c1a-e9fd-4868-b425-f3ec8ad51398/screenshots","params":{"path":["tasks","cc9f1c1a-e9fd-4868-b425-f3ec8ad51398","screenshots"]},"headers":{"host":"192.168.0.190:3001","content-type":"application/json","connection":"keep-alive","if-none-match":"W/\"2-l9Fw4VUO7kr8CvBlt4zaMCqXZ0w\"","accept":"*/*","accept-language":"en-IN,en;q=0.9","accept-encoding":"gzip, deflate","user-agent":"fayr/1 CFNetwork/3896.100.1.2.1 Darwin/27.0.0"}},"requestId":"81b78b8d-f736-4de4-811e-adab33ec512f","res":{"statusCode":304,"headers":{"x-content-type-options":"nosniff","content-security-policy":"default-src 'none'; frame-ancestors 'none'; base-uri 'none'; form-action 'none'; sandbox","x-frame-options":"DENY","referrer-policy":"no-referrer","cross-origin-resource-policy":"same-site","x-permitted-cross-domain-policies":"none","vary":"Origin","x-request-id":"81b78b8d-f736-4de4-811e-adab33ec512f","x-ratelimit-limit":"60","x-ratelimit-remaining":"57","x-ratelimit-reset":"28","etag":"W/\"2-l9Fw4VUO7kr8CvBlt4zaMCqXZ0w\""}},"responseTime":8}
[2026-09-18 19:38:53.916 +0530] INFO (75446): request completed {"req":{"id":"23c4c564-64e7-49c9-a3e4-329625148e11","method":"GET","url":"/tasks/cc9f1c1a-e9fd-4868-b425-f3ec8ad51398/screenshots","params":{"path":["tasks","cc9f1c1a-e9fd-4868-b425-f3ec8ad51398","screenshots"]},"headers":{"host":"192.168.0.190:3001","content-type":"application/json","connection":"keep-alive","if-none-match":"W/\"2-l9Fw4VUO7kr8CvBlt4zaMCqXZ0w\"","accept":"*/*","accept-language":"en-IN,en;q=0.9","accept-encoding":"gzip, deflate","user-agent":"fayr/1 CFNetwork/3896.100.1.2.1 Darwin/27.0.0"}},"requestId":"23c4c564-64e7-49c9-a3e4-329625148e11","res":{"statusCode":304,"headers":{"x-content-type-options":"nosniff","content-security-policy":"default-src 'none'; frame-ancestors 'none'; base-uri 'none'; form-action 'none'; sandbox","x-frame-options":"DENY","referrer-policy":"no-referrer","cross-origin-resource-policy":"same-site","x-permitted-cross-domain-policies":"none","vary":"Origin","x-request-id":"23c4c564-64e7-49c9-a3e4-329625148e11","x-ratelimit-limit":"60","x-ratelimit-remaining":"56","x-ratelimit-reset":"28","etag":"W/\"2-l9Fw4VUO7kr8CvBlt4zaMCqXZ0w\""}},"responseTime":6}
[2026-09-18 19:38:53.916 +0530] INFO (75446): request completed {"req":{"id":"bd9fe6d6-a247-4cbd-9e42-ccce07e8cc03","method":"GET","url":"/tasks/cc9f1c1a-e9fd-4868-b425-f3ec8ad51398","params":{"path":["tasks","cc9f1c1a-e9fd-4868-b425-f3ec8ad51398"]},"headers":{"host":"192.168.0.190:3001","content-type":"application/json","connection":"keep-alive","if-none-match":"W/\"61d-M2os5cWmbA6kZf6bzw5257qEjMI\"","accept":"*/*","accept-language":"en-IN,en;q=0.9","accept-encoding":"gzip, deflate","user-agent":"fayr/1 CFNetwork/3896.100.1.2.1 Darwin/27.0.0"}},"requestId":"bd9fe6d6-a247-4cbd-9e42-ccce07e8cc03","res":{"statusCode":304,"headers":{"x-content-type-options":"nosniff","content-security-policy":"default-src 'none'; frame-ancestors 'none'; base-uri 'none'; form-action 'none'; sandbox","x-frame-options":"DENY","referrer-policy":"no-referrer","cross-origin-resource-policy":"same-site","x-permitted-cross-domain-policies":"none","vary":"Origin","x-request-id":"bd9fe6d6-a247-4cbd-9e42-ccce07e8cc03","x-ratelimit-limit":"60","x-ratelimit-remaining":"58","x-ratelimit-reset":"28","etag":"W/\"61d-M2os5cWmbA6kZf6bzw5257qEjMI\""}},"responseTime":5}
[2026-09-18 19:39:00.028 +0530] DEBUG (75446): retention: no screenshots older than 90 days {"context":"ScreenshotRetentionService"}
[2026-09-18 19:39:00.029 +0530] INFO (75446): maintenance tick {"expired":0,"rechecked":0,"regressed":0,"released":0,"purged":0} {"context":"SchedulerService"}
[2026-09-18 19:39:17.644 +0530] INFO (75446): request completed {"req":{"id":"27cfa046-b5d5-45f5-b833-d8c567dfc50f","method":"POST","url":"/tasks/cc9f1c1a-e9fd-4868-b425-f3ec8ad51398/going-to-the-shop","params":{"path":["tasks","cc9f1c1a-e9fd-4868-b425-f3ec8ad51398","going-to-the-shop"]},"headers":{"host":"192.168.0.190:3001","content-type":"application/json","content-length":"0","connection":"keep-alive","if-none-match":"W/\"61d-M2os5cWmbA6kZf6bzw5257qEjMI\"","accept":"*/*","accept-language":"en-IN,en;q=0.9","accept-encoding":"gzip, deflate","user-agent":"fayr/1 CFNetwork/3896.100.1.2.1 Darwin/27.0.0"}},"requestId":"27cfa046-b5d5-45f5-b833-d8c567dfc50f","res":{"statusCode":200,"headers":{"x-content-type-options":"nosniff","content-security-policy":"default-src 'none'; frame-ancestors 'none'; base-uri 'none'; form-action 'none'; sandbox","x-frame-options":"DENY","referrer-policy":"no-referrer","cross-origin-resource-policy":"same-site","x-permitted-cross-domain-policies":"none","vary":"Origin","x-request-id":"27cfa046-b5d5-45f5-b833-d8c567dfc50f","x-ratelimit-limit":"60","x-ratelimit-remaining":"58","x-ratelimit-reset":"8","content-type":"application/json; charset=utf-8","content-length":"1565","etag":"W/\"61d-M2os5cWmbA6kZf6bzw5257qEjMI\""}},"responseTime":13}
[2026-09-18 19:40:00.102 +0530] DEBUG (75446): retention: no screenshots older than 90 days {"context":"ScreenshotRetentionService"}
[2026-09-18 19:40:00.103 +0530] INFO (75446): maintenance tick {"expired":0,"rechecked":0,"regressed":0,"released":0,"purged":0} {"context":"SchedulerService"}
[2026-09-18 19:41:00.060 +0530] DEBUG (75446): retention: no screenshots older than 90 days {"context":"ScreenshotRetentionService"}
[2026-09-18 19:41:00.061 +0530] INFO (75446): maintenance tick {"expired":0,"rechecked":0,"regressed":0,"released":0,"purged":0} {"context":"SchedulerService"}
[2026-09-18 19:41:47.734 +0530] INFO (75446): request completed {"req":{"id":"633bad3e-310f-4fa8-aa33-792cf8fab3a6","method":"GET","url":"/me","params":{"path":["me"]},"headers":{"host":"192.168.0.190:3001","content-type":"application/json","connection":"keep-alive","if-none-match":"W/\"1a9-DDTJTudYtiPmoxaqBDF8leumbgE\"","accept":"*/*","accept-language":"en-IN,en;q=0.9","accept-encoding":"gzip, deflate","user-agent":"fayr/1 CFNetwork/3896.100.1.2.1 Darwin/27.0.0"}},"requestId":"633bad3e-310f-4fa8-aa33-792cf8fab3a6","res":{"statusCode":304,"headers":{"x-content-type-options":"nosniff","content-security-policy":"default-src 'none'; frame-ancestors 'none'; base-uri 'none'; form-action 'none'; sandbox","x-frame-options":"DENY","referrer-policy":"no-referrer","cross-origin-resource-policy":"same-site","x-permitted-cross-domain-policies":"none","vary":"Origin","x-request-id":"633bad3e-310f-4fa8-aa33-792cf8fab3a6","x-ratelimit-limit":"60","x-ratelimit-remaining":"59","x-ratelimit-reset":"60","etag":"W/\"1a9-DDTJTudYtiPmoxaqBDF8leumbgE\""}},"responseTime":39}
[2026-09-18 19:41:47.737 +0530] INFO (75446): request completed {"req":{"id":"588fa58f-08df-4e47-997d-54daba162381","method":"GET","url":"/tasks","params":{"path":["tasks"]},"headers":{"host":"192.168.0.190:3001","content-type":"application/json","connection":"keep-alive","if-none-match":"W/\"4598-8QlI2ZJy0+GnY7NoyX7nJpvHK+w\"","accept":"*/*","accept-language":"en-IN,en;q=0.9","accept-encoding":"gzip, deflate","user-agent":"fayr/1 CFNetwork/3896.100.1.2.1 Darwin/27.0.0"}},"requestId":"588fa58f-08df-4e47-997d-54daba162381","res":{"statusCode":304,"headers":{"x-content-type-options":"nosniff","content-security-policy":"default-src 'none'; frame-ancestors 'none'; base-uri 'none'; form-action 'none'; sandbox","x-frame-options":"DENY","referrer-policy":"no-referrer","cross-origin-resource-policy":"same-site","x-permitted-cross-domain-policies":"none","vary":"Origin","x-request-id":"588fa58f-08df-4e47-997d-54daba162381","x-ratelimit-limit":"60","x-ratelimit-remaining":"59","x-ratelimit-reset":"60","etag":"W/\"4598-8QlI2ZJy0+GnY7NoyX7nJpvHK+w\""}},"responseTime":56}
[2026-09-18 19:42:00.062 +0530] DEBUG (75446): retention: no screenshots older than 90 days {"context":"ScreenshotRetentionService"}
[2026-09-18 19:42:00.063 +0530] INFO (75446): maintenance tick {"expired":0,"rechecked":0,"regressed":0,"released":0,"purged":0} {"context":"SchedulerService"}
[2026-09-18 19:42:04.479 +0530] INFO (75446): request completed {"req":{"id":"008f97f7-1879-4b76-b982-f036bfb796f6","method":"GET","url":"/me","params":{"path":["me"]},"headers":{"host":"192.168.0.190:3001","content-type":"application/json","connection":"keep-alive","if-none-match":"W/\"1a9-DDTJTudYtiPmoxaqBDF8leumbgE\"","accept":"*/*","accept-language":"en-IN,en;q=0.9","accept-encoding":"gzip, deflate","user-agent":"fayr/1 CFNetwork/3896.100.1.2.1 Darwin/27.0.0"}},"requestId":"008f97f7-1879-4b76-b982-f036bfb796f6","res":{"statusCode":304,"headers":{"x-content-type-options":"nosniff","content-security-policy":"default-src 'none'; frame-ancestors 'none'; base-uri 'none'; form-action 'none'; sandbox","x-frame-options":"DENY","referrer-policy":"no-referrer","cross-origin-resource-policy":"same-site","x-permitted-cross-domain-policies":"none","vary":"Origin","x-request-id":"008f97f7-1879-4b76-b982-f036bfb796f6","x-ratelimit-limit":"60","x-ratelimit-remaining":"58","x-ratelimit-reset":"44","etag":"W/\"1a9-DDTJTudYtiPmoxaqBDF8leumbgE\""}},"responseTime":9}
[2026-09-18 19:42:04.481 +0530] INFO (75446): request completed {"req":{"id":"a97ab41c-a0bf-4fc8-8d60-52ab8581d9a6","method":"GET","url":"/tasks","params":{"path":["tasks"]},"headers":{"host":"192.168.0.190:3001","content-type":"application/json","connection":"keep-alive","if-none-match":"W/\"4598-8QlI2ZJy0+GnY7NoyX7nJpvHK+w\"","accept":"*/*","accept-language":"en-IN,en;q=0.9","accept-encoding":"gzip, deflate","user-agent":"fayr/1 CFNetwork/3896.100.1.2.1 Darwin/27.0.0"}},"requestId":"a97ab41c-a0bf-4fc8-8d60-52ab8581d9a6","res":{"statusCode":304,"headers":{"x-content-type-options":"nosniff","content-security-policy":"default-src 'none'; frame-ancestors 'none'; base-uri 'none'; form-action 'none'; sandbox","x-frame-options":"DENY","referrer-policy":"no-referrer","cross-origin-resource-policy":"same-site","x-permitted-cross-domain-policies":"none","vary":"Origin","x-request-id":"a97ab41c-a0bf-4fc8-8d60-52ab8581d9a6","x-ratelimit-limit":"60","x-ratelimit-remaining":"58","x-ratelimit-reset":"44","etag":"W/\"4598-8QlI2ZJy0+GnY7NoyX7nJpvHK+w\""}},"responseTime":13}
[2026-09-18 19:43:00.051 +0530] DEBUG (75446): retention: no screenshots older than 90 days {"context":"ScreenshotRetentionService"}
[2026-09-18 19:43:00.053 +0530] INFO (75446): maintenance tick {"expired":0,"rechecked":0,"regressed":0,"released":0,"purged":0} {"context":"SchedulerService"}
[2026-09-18 19:44:00.048 +0530] DEBUG (75446): retention: no screenshots older than 90 days {"context":"ScreenshotRetentionService"}
[2026-09-18 19:44:00.049 +0530] INFO (75446): maintenance tick {"expired":0,"rechecked":0,"regressed":0,"released":0,"purged":0} {"context":"SchedulerService"}
[2026-09-18 19:44:00.143 +0530] INFO (75446): orders-found task=cc9f1c1a-e9fd-4868-b425-f3ec8ad51398 pages=1 lens=[161] {"req":{"id":"7177e709-46f9-4523-9aaf-5738b76c9cb4","method":"POST","url":"/tasks/cc9f1c1a-e9fd-4868-b425-f3ec8ad51398/orders-found","params":{"path":["tasks","cc9f1c1a-e9fd-4868-b425-f3ec8ad51398","orders-found"]},"headers":{"host":"192.168.0.190:3001","content-type":"application/json","user-agent":"fayr/1 CFNetwork/3896.100.1.2.1 Darwin/27.0.0","connection":"keep-alive","accept":"*/*","accept-language":"en-IN,en;q=0.9","content-length":"197","accept-encoding":"gzip, deflate"}},"requestId":"7177e709-46f9-4523-9aaf-5738b76c9cb4","context":"OrderCandidatesService"}
[2026-09-18 19:44:00.143 +0530] INFO (75446): orders-found task=cc9f1c1a-e9fd-4868-b425-f3ec8ad51398 judged=1 matched=0 reasons=[product_name_not_found] {"req":{"id":"7177e709-46f9-4523-9aaf-5738b76c9cb4","method":"POST","url":"/tasks/cc9f1c1a-e9fd-4868-b425-f3ec8ad51398/orders-found","params":{"path":["tasks","cc9f1c1a-e9fd-4868-b425-f3ec8ad51398","orders-found"]},"headers":{"host":"192.168.0.190:3001","content-type":"application/json","user-agent":"fayr/1 CFNetwork/3896.100.1.2.1 Darwin/27.0.0","connection":"keep-alive","accept":"*/*","accept-language":"en-IN,en;q=0.9","content-length":"197","accept-encoding":"gzip, deflate"}},"requestId":"7177e709-46f9-4523-9aaf-5738b76c9cb4","context":"OrderCandidatesService"}
[2026-09-18 19:44:00.161 +0530] INFO (75446): request completed {"req":{"id":"7177e709-46f9-4523-9aaf-5738b76c9cb4","method":"POST","url":"/tasks/cc9f1c1a-e9fd-4868-b425-f3ec8ad51398/orders-found","params":{"path":["tasks","cc9f1c1a-e9fd-4868-b425-f3ec8ad51398","orders-found"]},"headers":{"host":"192.168.0.190:3001","content-type":"application/json","user-agent":"fayr/1 CFNetwork/3896.100.1.2.1 Darwin/27.0.0","connection":"keep-alive","accept":"*/*","accept-language":"en-IN,en;q=0.9","content-length":"197","accept-encoding":"gzip, deflate"}},"requestId":"7177e709-46f9-4523-9aaf-5738b76c9cb4","res":{"statusCode":200,"headers":{"x-content-type-options":"nosniff","content-security-policy":"default-src 'none'; frame-ancestors 'none'; base-uri 'none'; form-action 'none'; sandbox","x-frame-options":"DENY","referrer-policy":"no-referrer","cross-origin-resource-policy":"same-site","x-permitted-cross-domain-policies":"none","vary":"Origin","x-request-id":"7177e709-46f9-4523-9aaf-5738b76c9cb4","x-ratelimit-limit":"60","x-ratelimit-remaining":"59","x-ratelimit-reset":"60","content-type":"application/json; charset=utf-8","content-length":"420","etag":"W/\"1a4-3ZNgAtDijhjllSLbucR7jwI0WgY\""}},"responseTime":44}
[2026-09-18 19:44:01.403 +0530] INFO (75446): orders-found task=cc9f1c1a-e9fd-4868-b425-f3ec8ad51398 pages=2 lens=[161,458] {"req":{"id":"4020b94e-e35f-45f6-b5ff-1e8cd241ca6d","method":"POST","url":"/tasks/cc9f1c1a-e9fd-4868-b425-f3ec8ad51398/orders-found","params":{"path":["tasks","cc9f1c1a-e9fd-4868-b425-f3ec8ad51398","orders-found"]},"headers":{"host":"192.168.0.190:3001","content-type":"application/json","user-agent":"fayr/1 CFNetwork/3896.100.1.2.1 Darwin/27.0.0","connection":"keep-alive","accept":"*/*","accept-language":"en-IN,en;q=0.9","content-length":"726","accept-encoding":"gzip, deflate"}},"requestId":"4020b94e-e35f-45f6-b5ff-1e8cd241ca6d","context":"OrderCandidatesService"}
[2026-09-18 19:44:01.405 +0530] INFO (75446): orders-found task=cc9f1c1a-e9fd-4868-b425-f3ec8ad51398 judged=2 matched=0 reasons=[product_name_not_found,product_name_not_found] {"req":{"id":"4020b94e-e35f-45f6-b5ff-1e8cd241ca6d","method":"POST","url":"/tasks/cc9f1c1a-e9fd-4868-b425-f3ec8ad51398/orders-found","params":{"path":["tasks","cc9f1c1a-e9fd-4868-b425-f3ec8ad51398","orders-found"]},"headers":{"host":"192.168.0.190:3001","content-type":"application/json","user-agent":"fayr/1 CFNetwork/3896.100.1.2.1 Darwin/27.0.0","connection":"keep-alive","accept":"*/*","accept-language":"en-IN,en;q=0.9","content-length":"726","accept-encoding":"gzip, deflate"}},"requestId":"4020b94e-e35f-45f6-b5ff-1e8cd241ca6d","context":"OrderCandidatesService"}
[2026-09-18 19:44:01.420 +0530] INFO (75446): request completed {"req":{"id":"4020b94e-e35f-45f6-b5ff-1e8cd241ca6d","method":"POST","url":"/tasks/cc9f1c1a-e9fd-4868-b425-f3ec8ad51398/orders-found","params":{"path":["tasks","cc9f1c1a-e9fd-4868-b425-f3ec8ad51398","orders-found"]},"headers":{"host":"192.168.0.190:3001","content-type":"application/json","user-agent":"fayr/1 CFNetwork/3896.100.1.2.1 Darwin/27.0.0","connection":"keep-alive","accept":"*/*","accept-language":"en-IN,en;q=0.9","content-length":"726","accept-encoding":"gzip, deflate"}},"requestId":"4020b94e-e35f-45f6-b5ff-1e8cd241ca6d","res":{"statusCode":200,"headers":{"x-content-type-options":"nosniff","content-security-policy":"default-src 'none'; frame-ancestors 'none'; base-uri 'none'; form-action 'none'; sandbox","x-frame-options":"DENY","referrer-policy":"no-referrer","cross-origin-resource-policy":"same-site","x-permitted-cross-domain-policies":"none","vary":"Origin","x-request-id":"4020b94e-e35f-45f6-b5ff-1e8cd241ca6d","x-ratelimit-limit":"60","x-ratelimit-remaining":"58","x-ratelimit-reset":"59","content-type":"application/json; charset=utf-8","content-length":"1109","etag":"W/\"455-qWWVbQnqkhrjnp9YZgynxl8ItVk\""}},"responseTime":26}
[2026-09-18 19:44:02.536 +0530] INFO (75446): orders-found task=cc9f1c1a-e9fd-4868-b425-f3ec8ad51398 pages=3 lens=[161,458,313] {"req":{"id":"7b5c1aad-9fcc-4f56-840e-ea9e204fcc41","method":"POST","url":"/tasks/cc9f1c1a-e9fd-4868-b425-f3ec8ad51398/orders-found","params":{"path":["tasks","cc9f1c1a-e9fd-4868-b425-f3ec8ad51398","orders-found"]},"headers":{"host":"192.168.0.190:3001","content-type":"application/json","user-agent":"fayr/1 CFNetwork/3896.100.1.2.1 Darwin/27.0.0","connection":"keep-alive","accept":"*/*","accept-language":"en-IN,en;q=0.9","content-length":"1082","accept-encoding":"gzip, deflate"}},"requestId":"7b5c1aad-9fcc-4f56-840e-ea9e204fcc41","context":"OrderCandidatesService"}
[2026-09-18 19:44:02.538 +0530] INFO (75446): orders-found task=cc9f1c1a-e9fd-4868-b425-f3ec8ad51398 judged=3 matched=0 reasons=[product_name_not_found,product_name_not_found,product_name_not_found] {"req":{"id":"7b5c1aad-9fcc-4f56-840e-ea9e204fcc41","method":"POST","url":"/tasks/cc9f1c1a-e9fd-4868-b425-f3ec8ad51398/orders-found","params":{"path":["tasks","cc9f1c1a-e9fd-4868-b425-f3ec8ad51398","orders-found"]},"headers":{"host":"192.168.0.190:3001","content-type":"application/json","user-agent":"fayr/1 CFNetwork/3896.100.1.2.1 Darwin/27.0.0","connection":"keep-alive","accept":"*/*","accept-language":"en-IN,en;q=0.9","content-length":"1082","accept-encoding":"gzip, deflate"}},"requestId":"7b5c1aad-9fcc-4f56-840e-ea9e204fcc41","context":"OrderCandidatesService"}
[2026-09-18 19:44:02.551 +0530] INFO (75446): request completed {"req":{"id":"7b5c1aad-9fcc-4f56-840e-ea9e204fcc41","method":"POST","url":"/tasks/cc9f1c1a-e9fd-4868-b425-f3ec8ad51398/orders-found","params":{"path":["tasks","cc9f1c1a-e9fd-4868-b425-f3ec8ad51398","orders-found"]},"headers":{"host":"192.168.0.190:3001","content-type":"application/json","user-agent":"fayr/1 CFNetwork/3896.100.1.2.1 Darwin/27.0.0","connection":"keep-alive","accept":"*/*","accept-language":"en-IN,en;q=0.9","content-length":"1082","accept-encoding":"gzip, deflate"}},"requestId":"7b5c1aad-9fcc-4f56-840e-ea9e204fcc41","res":{"statusCode":200,"headers":{"x-content-type-options":"nosniff","content-security-policy":"default-src 'none'; frame-ancestors 'none'; base-uri 'none'; form-action 'none'; sandbox","x-frame-options":"DENY","referrer-policy":"no-referrer","cross-origin-resource-policy":"same-site","x-permitted-cross-domain-policies":"none","vary":"Origin","x-request-id":"7b5c1aad-9fcc-4f56-840e-ea9e204fcc41","x-ratelimit-limit":"60","x-ratelimit-remaining":"57","x-ratelimit-reset":"58","content-type":"application/json; charset=utf-8","content-length":"1658","etag":"W/\"67a-MdENkDj1/4G4UDMUqsP+fN+ltBs\""}},"responseTime":26}
[2026-09-18 19:44:03.682 +0530] INFO (75446): orders-found task=cc9f1c1a-e9fd-4868-b425-f3ec8ad51398 pages=4 lens=[161,458,313,707] {"req":{"id":"7da84653-200f-4395-8e1c-532bde5740d2","method":"POST","url":"/tasks/cc9f1c1a-e9fd-4868-b425-f3ec8ad51398/orders-found","params":{"path":["tasks","cc9f1c1a-e9fd-4868-b425-f3ec8ad51398","orders-found"]},"headers":{"host":"192.168.0.190:3001","content-type":"application/json","user-agent":"fayr/1 CFNetwork/3896.100.1.2.1 Darwin/27.0.0","connection":"keep-alive","accept":"*/*","accept-language":"en-IN,en;q=0.9","content-length":"1884","accept-encoding":"gzip, deflate"}},"requestId":"7da84653-200f-4395-8e1c-532bde5740d2","context":"OrderCandidatesService"}
[2026-09-18 19:44:03.684 +0530] INFO (75446): orders-found task=cc9f1c1a-e9fd-4868-b425-f3ec8ad51398 judged=4 matched=0 reasons=[product_name_not_found,product_name_not_found,product_name_not_found,product_name_not_found] {"req":{"id":"7da84653-200f-4395-8e1c-532bde5740d2","method":"POST","url":"/tasks/cc9f1c1a-e9fd-4868-b425-f3ec8ad51398/orders-found","params":{"path":["tasks","cc9f1c1a-e9fd-4868-b425-f3ec8ad51398","orders-found"]},"headers":{"host":"192.168.0.190:3001","content-type":"application/json","user-agent":"fayr/1 CFNetwork/3896.100.1.2.1 Darwin/27.0.0","connection":"keep-alive","accept":"*/*","accept-language":"en-IN,en;q=0.9","content-length":"1884","accept-encoding":"gzip, deflate"}},"requestId":"7da84653-200f-4395-8e1c-532bde5740d2","context":"OrderCandidatesService"}
[2026-09-18 19:44:03.701 +0530] INFO (75446): request completed {"req":{"id":"7da84653-200f-4395-8e1c-532bde5740d2","method":"POST","url":"/tasks/cc9f1c1a-e9fd-4868-b425-f3ec8ad51398/orders-found","params":{"path":["tasks","cc9f1c1a-e9fd-4868-b425-f3ec8ad51398","orders-found"]},"headers":{"host":"192.168.0.190:3001","content-type":"application/json","user-agent":"fayr/1 CFNetwork/3896.100.1.2.1 Darwin/27.0.0","connection":"keep-alive","accept":"*/*","accept-language":"en-IN,en;q=0.9","content-length":"1884","accept-encoding":"gzip, deflate"}},"requestId":"7da84653-200f-4395-8e1c-532bde5740d2","res":{"statusCode":200,"headers":{"x-content-type-options":"nosniff","content-security-policy":"default-src 'none'; frame-ancestors 'none'; base-uri 'none'; form-action 'none'; sandbox","x-frame-options":"DENY","referrer-policy":"no-referrer","cross-origin-resource-policy":"same-site","x-permitted-cross-domain-policies":"none","vary":"Origin","x-request-id":"7da84653-200f-4395-8e1c-532bde5740d2","x-ratelimit-limit":"60","x-ratelimit-remaining":"56","x-ratelimit-reset":"57","content-type":"application/json; charset=utf-8","content-length":"2620","etag":"W/\"a3c-SQqKVJYZzENha+nKn4lQYasyx1g\""}},"responseTime":27}
[2026-09-18 19:44:04.882 +0530] INFO (75446): orders-found task=cc9f1c1a-e9fd-4868-b425-f3ec8ad51398 pages=5 lens=[161,458,313,707,198] {"req":{"id":"e044abcb-55bd-4f86-a855-35aea08ab7b6","method":"POST","url":"/tasks/cc9f1c1a-e9fd-4868-b425-f3ec8ad51398/orders-found","params":{"path":["tasks","cc9f1c1a-e9fd-4868-b425-f3ec8ad51398","orders-found"]},"headers":{"host":"192.168.0.190:3001","content-type":"application/json","user-agent":"fayr/1 CFNetwork/3896.100.1.2.1 Darwin/27.0.0","connection":"keep-alive","accept":"*/*","accept-language":"en-IN,en;q=0.9","content-length":"2111","accept-encoding":"gzip, deflate"}},"requestId":"e044abcb-55bd-4f86-a855-35aea08ab7b6","context":"OrderCandidatesService"}
[2026-09-18 19:44:04.883 +0530] INFO (75446): orders-found task=cc9f1c1a-e9fd-4868-b425-f3ec8ad51398 judged=5 matched=0 reasons=[product_name_not_found,product_name_not_found,product_name_not_found,product_name_not_found,product_name_not_found] {"req":{"id":"e044abcb-55bd-4f86-a855-35aea08ab7b6","method":"POST","url":"/tasks/cc9f1c1a-e9fd-4868-b425-f3ec8ad51398/orders-found","params":{"path":["tasks","cc9f1c1a-e9fd-4868-b425-f3ec8ad51398","orders-found"]},"headers":{"host":"192.168.0.190:3001","content-type":"application/json","user-agent":"fayr/1 CFNetwork/3896.100.1.2.1 Darwin/27.0.0","connection":"keep-alive","accept":"*/*","accept-language":"en-IN,en;q=0.9","content-length":"2111","accept-encoding":"gzip, deflate"}},"requestId":"e044abcb-55bd-4f86-a855-35aea08ab7b6","context":"OrderCandidatesService"}
[2026-09-18 19:44:04.891 +0530] INFO (75446): request completed {"req":{"id":"e044abcb-55bd-4f86-a855-35aea08ab7b6","method":"POST","url":"/tasks/cc9f1c1a-e9fd-4868-b425-f3ec8ad51398/orders-found","params":{"path":["tasks","cc9f1c1a-e9fd-4868-b425-f3ec8ad51398","orders-found"]},"headers":{"host":"192.168.0.190:3001","content-type":"application/json","user-agent":"fayr/1 CFNetwork/3896.100.1.2.1 Darwin/27.0.0","connection":"keep-alive","accept":"*/*","accept-language":"en-IN,en;q=0.9","content-length":"2111","accept-encoding":"gzip, deflate"}},"requestId":"e044abcb-55bd-4f86-a855-35aea08ab7b6","res":{"statusCode":200,"headers":{"x-content-type-options":"nosniff","content-security-policy":"default-src 'none'; frame-ancestors 'none'; base-uri 'none'; form-action 'none'; sandbox","x-frame-options":"DENY","referrer-policy":"no-referrer","cross-origin-resource-policy":"same-site","x-permitted-cross-domain-policies":"none","vary":"Origin","x-request-id":"e044abcb-55bd-4f86-a855-35aea08ab7b6","x-ratelimit-limit":"60","x-ratelimit-remaining":"55","x-ratelimit-reset":"56","content-type":"application/json; charset=utf-8","content-length":"3055","etag":"W/\"bef-tDv77J2PoCCB8Gp6Qhrth6I4bYc\""}},"responseTime":14}
[2026-09-18 19:44:06.208 +0530] INFO (75446): orders-found task=cc9f1c1a-e9fd-4868-b425-f3ec8ad51398 pages=6 lens=[161,458,313,707,198,160] {"req":{"id":"9c792a4e-bfe1-43aa-b0d7-1a7224aba4b6","method":"POST","url":"/tasks/cc9f1c1a-e9fd-4868-b425-f3ec8ad51398/orders-found","params":{"path":["tasks","cc9f1c1a-e9fd-4868-b425-f3ec8ad51398","orders-found"]},"headers":{"host":"192.168.0.190:3001","content-type":"application/json","user-agent":"fayr/1 CFNetwork/3896.100.1.2.1 Darwin/27.0.0","connection":"keep-alive","accept":"*/*","accept-language":"en-IN,en;q=0.9","content-length":"2299","accept-encoding":"gzip, deflate"}},"requestId":"9c792a4e-bfe1-43aa-b0d7-1a7224aba4b6","context":"OrderCandidatesService"}
[2026-09-18 19:44:06.211 +0530] INFO (75446): orders-found task=cc9f1c1a-e9fd-4868-b425-f3ec8ad51398 judged=6 matched=0 reasons=[product_name_not_found,product_name_not_found,product_name_not_found,product_name_not_found,product_name_not_found,product_name_not_found] {"req":{"id":"9c792a4e-bfe1-43aa-b0d7-1a7224aba4b6","method":"POST","url":"/tasks/cc9f1c1a-e9fd-4868-b425-f3ec8ad51398/orders-found","params":{"path":["tasks","cc9f1c1a-e9fd-4868-b425-f3ec8ad51398","orders-found"]},"headers":{"host":"192.168.0.190:3001","content-type":"application/json","user-agent":"fayr/1 CFNetwork/3896.100.1.2.1 Darwin/27.0.0","connection":"keep-alive","accept":"*/*","accept-language":"en-IN,en;q=0.9","content-length":"2299","accept-encoding":"gzip, deflate"}},"requestId":"9c792a4e-bfe1-43aa-b0d7-1a7224aba4b6","context":"OrderCandidatesService"}
[2026-09-18 19:44:06.227 +0530] INFO (75446): request completed {"req":{"id":"9c792a4e-bfe1-43aa-b0d7-1a7224aba4b6","method":"POST","url":"/tasks/cc9f1c1a-e9fd-4868-b425-f3ec8ad51398/orders-found","params":{"path":["tasks","cc9f1c1a-e9fd-4868-b425-f3ec8ad51398","orders-found"]},"headers":{"host":"192.168.0.190:3001","content-type":"application/json","user-agent":"fayr/1 CFNetwork/3896.100.1.2.1 Darwin/27.0.0","connection":"keep-alive","accept":"*/*","accept-language":"en-IN,en;q=0.9","content-length":"2299","accept-encoding":"gzip, deflate"}},"requestId":"9c792a4e-bfe1-43aa-b0d7-1a7224aba4b6","res":{"statusCode":200,"headers":{"x-content-type-options":"nosniff","content-security-policy":"default-src 'none'; frame-ancestors 'none'; base-uri 'none'; form-action 'none'; sandbox","x-frame-options":"DENY","referrer-policy":"no-referrer","cross-origin-resource-policy":"same-site","x-permitted-cross-domain-policies":"none","vary":"Origin","x-request-id":"9c792a4e-bfe1-43aa-b0d7-1a7224aba4b6","x-ratelimit-limit":"60","x-ratelimit-remaining":"54","x-ratelimit-reset":"54","content-type":"application/json; charset=utf-8","content-length":"3460","etag":"W/\"d84-sDrUhUtl51S3K1iDgz2Ooc3Wt8k\""}},"responseTime":29}
[2026-09-18 19:44:07.417 +0530] INFO (75446): orders-found task=cc9f1c1a-e9fd-4868-b425-f3ec8ad51398 pages=7 lens=[161,458,313,707,198,160,327] {"req":{"id":"85a579b5-43f5-4863-b233-9323e039e476","method":"POST","url":"/tasks/cc9f1c1a-e9fd-4868-b425-f3ec8ad51398/orders-found","params":{"path":["tasks","cc9f1c1a-e9fd-4868-b425-f3ec8ad51398","orders-found"]},"headers":{"host":"192.168.0.190:3001","content-type":"application/json","user-agent":"fayr/1 CFNetwork/3896.100.1.2.1 Darwin/27.0.0","connection":"keep-alive","accept":"*/*","accept-language":"en-IN,en;q=0.9","content-length":"2682","accept-encoding":"gzip, deflate"}},"requestId":"85a579b5-43f5-4863-b233-9323e039e476","context":"OrderCandidatesService"}
[2026-09-18 19:44:07.420 +0530] INFO (75446): orders-found task=cc9f1c1a-e9fd-4868-b425-f3ec8ad51398 judged=7 matched=0 reasons=[product_name_not_found,product_name_not_found,product_name_not_found,product_name_not_found,product_name_not_found,product_name_not_found,product_name_not_found] {"req":{"id":"85a579b5-43f5-4863-b233-9323e039e476","method":"POST","url":"/tasks/cc9f1c1a-e9fd-4868-b425-f3ec8ad51398/orders-found","params":{"path":["tasks","cc9f1c1a-e9fd-4868-b425-f3ec8ad51398","orders-found"]},"headers":{"host":"192.168.0.190:3001","content-type":"application/json","user-agent":"fayr/1 CFNetwork/3896.100.1.2.1 Darwin/27.0.0","connection":"keep-alive","accept":"*/*","accept-language":"en-IN,en;q=0.9","content-length":"2682","accept-encoding":"gzip, deflate"}},"requestId":"85a579b5-43f5-4863-b233-9323e039e476","context":"OrderCandidatesService"}
[2026-09-18 19:44:07.438 +0530] INFO (75446): request completed {"req":{"id":"85a579b5-43f5-4863-b233-9323e039e476","method":"POST","url":"/tasks/cc9f1c1a-e9fd-4868-b425-f3ec8ad51398/orders-found","params":{"path":["tasks","cc9f1c1a-e9fd-4868-b425-f3ec8ad51398","orders-found"]},"headers":{"host":"192.168.0.190:3001","content-type":"application/json","user-agent":"fayr/1 CFNetwork/3896.100.1.2.1 Darwin/27.0.0","connection":"keep-alive","accept":"*/*","accept-language":"en-IN,en;q=0.9","content-length":"2682","accept-encoding":"gzip, deflate"}},"requestId":"85a579b5-43f5-4863-b233-9323e039e476","res":{"statusCode":200,"headers":{"x-content-type-options":"nosniff","content-security-policy":"default-src 'none'; frame-ancestors 'none'; base-uri 'none'; form-action 'none'; sandbox","x-frame-options":"DENY","referrer-policy":"no-referrer","cross-origin-resource-policy":"same-site","x-permitted-cross-domain-policies":"none","vary":"Origin","x-request-id":"85a579b5-43f5-4863-b233-9323e039e476","x-ratelimit-limit":"60","x-ratelimit-remaining":"53","x-ratelimit-reset":"53","content-type":"application/json; charset=utf-8","content-length":"4027","etag":"W/\"fbb-eGuk7roLxixFdG12kABZuLe6xY8\""}},"responseTime":31}
[2026-09-18 19:44:07.462 +0530] INFO (75446): request completed {"req":{"id":"07a83903-ab8d-4776-b567-f14917d7062f","method":"GET","url":"/tasks","params":{"path":["tasks"]},"headers":{"host":"192.168.0.190:3001","content-type":"application/json","connection":"keep-alive","if-none-match":"W/\"4598-8QlI2ZJy0+GnY7NoyX7nJpvHK+w\"","accept":"*/*","accept-language":"en-IN,en;q=0.9","accept-encoding":"gzip, deflate","user-agent":"fayr/1 CFNetwork/3896.100.1.2.1 Darwin/27.0.0"}},"requestId":"07a83903-ab8d-4776-b567-f14917d7062f","res":{"statusCode":304,"headers":{"x-content-type-options":"nosniff","content-security-policy":"default-src 'none'; frame-ancestors 'none'; base-uri 'none'; form-action 'none'; sandbox","x-frame-options":"DENY","referrer-policy":"no-referrer","cross-origin-resource-policy":"same-site","x-permitted-cross-domain-policies":"none","vary":"Origin","x-request-id":"07a83903-ab8d-4776-b567-f14917d7062f","x-ratelimit-limit":"60","x-ratelimit-remaining":"59","x-ratelimit-reset":"60","etag":"W/\"4598-8QlI2ZJy0+GnY7NoyX7nJpvHK+w\""}},"responseTime":11}
[2026-09-18 19:44:07.555 +0530] INFO (75446): request completed {"req":{"id":"66a0b216-70ff-4c75-8c4a-c9a646c45984","method":"GET","url":"/tasks/cc9f1c1a-e9fd-4868-b425-f3ec8ad51398/screenshots","params":{"path":["tasks","cc9f1c1a-e9fd-4868-b425-f3ec8ad51398","screenshots"]},"headers":{"host":"192.168.0.190:3001","content-type":"application/json","connection":"keep-alive","if-none-match":"W/\"2-l9Fw4VUO7kr8CvBlt4zaMCqXZ0w\"","accept":"*/*","accept-language":"en-IN,en;q=0.9","accept-encoding":"gzip, deflate","user-agent":"fayr/1 CFNetwork/3896.100.1.2.1 Darwin/27.0.0"}},"requestId":"66a0b216-70ff-4c75-8c4a-c9a646c45984","res":{"statusCode":304,"headers":{"x-content-type-options":"nosniff","content-security-policy":"default-src 'none'; frame-ancestors 'none'; base-uri 'none'; form-action 'none'; sandbox","x-frame-options":"DENY","referrer-policy":"no-referrer","cross-origin-resource-policy":"same-site","x-permitted-cross-domain-policies":"none","vary":"Origin","x-request-id":"66a0b216-70ff-4c75-8c4a-c9a646c45984","x-ratelimit-limit":"60","x-ratelimit-remaining":"59","x-ratelimit-reset":"60","etag":"W/\"2-l9Fw4VUO7kr8CvBlt4zaMCqXZ0w\""}},"responseTime":12}
[2026-09-18 19:44:07.559 +0530] INFO (75446): request completed {"req":{"id":"7a88d52f-cebe-4729-84d8-0d8fc2096217","method":"GET","url":"/tasks/cc9f1c1a-e9fd-4868-b425-f3ec8ad51398/screenshots","params":{"path":["tasks","cc9f1c1a-e9fd-4868-b425-f3ec8ad51398","screenshots"]},"headers":{"host":"192.168.0.190:3001","content-type":"application/json","connection":"keep-alive","if-none-match":"W/\"2-l9Fw4VUO7kr8CvBlt4zaMCqXZ0w\"","accept":"*/*","accept-language":"en-IN,en;q=0.9","accept-encoding":"gzip, deflate","user-agent":"fayr/1 CFNetwork/3896.100.1.2.1 Darwin/27.0.0"}},"requestId":"7a88d52f-cebe-4729-84d8-0d8fc2096217","res":{"statusCode":304,"headers":{"x-content-type-options":"nosniff","content-security-policy":"default-src 'none'; frame-ancestors 'none'; base-uri 'none'; form-action 'none'; sandbox","x-frame-options":"DENY","referrer-policy":"no-referrer","cross-origin-resource-policy":"same-site","x-permitted-cross-domain-policies":"none","vary":"Origin","x-request-id":"7a88d52f-cebe-4729-84d8-0d8fc2096217","x-ratelimit-limit":"60","x-ratelimit-remaining":"58","x-ratelimit-reset":"60","etag":"W/\"2-l9Fw4VUO7kr8CvBlt4zaMCqXZ0w\""}},"responseTime":6}
[2026-09-18 19:44:07.561 +0530] INFO (75446): request completed {"req":{"id":"1bcbb5dc-ace3-43dd-b7a9-019277bf14be","method":"GET","url":"/tasks/cc9f1c1a-e9fd-4868-b425-f3ec8ad51398","params":{"path":["tasks","cc9f1c1a-e9fd-4868-b425-f3ec8ad51398"]},"headers":{"host":"192.168.0.190:3001","content-type":"application/json","connection":"keep-alive","if-none-match":"W/\"61d-M2os5cWmbA6kZf6bzw5257qEjMI\"","accept":"*/*","accept-language":"en-IN,en;q=0.9","accept-encoding":"gzip, deflate","user-agent":"fayr/1 CFNetwork/3896.100.1.2.1 Darwin/27.0.0"}},"requestId":"1bcbb5dc-ace3-43dd-b7a9-019277bf14be","res":{"statusCode":304,"headers":{"x-content-type-options":"nosniff","content-security-policy":"default-src 'none'; frame-ancestors 'none'; base-uri 'none'; form-action 'none'; sandbox","x-frame-options":"DENY","referrer-policy":"no-referrer","cross-origin-resource-policy":"same-site","x-permitted-cross-domain-policies":"none","vary":"Origin","x-request-id":"1bcbb5dc-ace3-43dd-b7a9-019277bf14be","x-ratelimit-limit":"60","x-ratelimit-remaining":"59","x-ratelimit-reset":"60","etag":"W/\"61d-M2os5cWmbA6kZf6bzw5257qEjMI\""}},"responseTime":5}
[2026-09-18 19:44:10.595 +0530] INFO (75446): request completed {"req":{"id":"46897e72-6a10-456d-bd9e-ac01c0518ac5","method":"POST","url":"/tasks/cc9f1c1a-e9fd-4868-b425-f3ec8ad51398/going-to-the-shop","params":{"path":["tasks","cc9f1c1a-e9fd-4868-b425-f3ec8ad51398","going-to-the-shop"]},"headers":{"host":"192.168.0.190:3001","content-type":"application/json","content-length":"0","connection":"keep-alive","if-none-match":"W/\"61d-M2os5cWmbA6kZf6bzw5257qEjMI\"","accept":"*/*","accept-language":"en-IN,en;q=0.9","accept-encoding":"gzip, deflate","user-agent":"fayr/1 CFNetwork/3896.100.1.2.1 Darwin/27.0.0"}},"requestId":"46897e72-6a10-456d-bd9e-ac01c0518ac5","res":{"statusCode":200,"headers":{"x-content-type-options":"nosniff","content-security-policy":"default-src 'none'; frame-ancestors 'none'; base-uri 'none'; form-action 'none'; sandbox","x-frame-options":"DENY","referrer-policy":"no-referrer","cross-origin-resource-policy":"same-site","x-permitted-cross-domain-policies":"none","vary":"Origin","x-request-id":"46897e72-6a10-456d-bd9e-ac01c0518ac5","x-ratelimit-limit":"60","x-ratelimit-remaining":"59","x-ratelimit-reset":"60","content-type":"application/json; charset=utf-8","content-length":"1565","etag":"W/\"61d-M2os5cWmbA6kZf6bzw5257qEjMI\""}},"responseTime":14}
[2026-09-18 19:44:32.054 +0530] INFO (75446): request completed {"req":{"id":"6cae9b91-1a28-465a-802e-d7f6ff142f32","method":"GET","url":"/me","params":{"path":["me"]},"headers":{"host":"192.168.0.190:3001","content-type":"application/json","connection":"keep-alive","if-none-match":"W/\"1a9-DDTJTudYtiPmoxaqBDF8leumbgE\"","accept":"*/*","accept-language":"en-IN,en;q=0.9","accept-encoding":"gzip, deflate","user-agent":"fayr/1 CFNetwork/3896.100.1.2.1 Darwin/27.0.0"}},"requestId":"6cae9b91-1a28-465a-802e-d7f6ff142f32","res":{"statusCode":304,"headers":{"x-content-type-options":"nosniff","content-security-policy":"default-src 'none'; frame-ancestors 'none'; base-uri 'none'; form-action 'none'; sandbox","x-frame-options":"DENY","referrer-policy":"no-referrer","cross-origin-resource-policy":"same-site","x-permitted-cross-domain-policies":"none","vary":"Origin","x-request-id":"6cae9b91-1a28-465a-802e-d7f6ff142f32","x-ratelimit-limit":"60","x-ratelimit-remaining":"59","x-ratelimit-reset":"60","etag":"W/\"1a9-DDTJTudYtiPmoxaqBDF8leumbgE\""}},"responseTime":11}
[2026-09-18 19:44:32.056 +0530] INFO (75446): request completed {"req":{"id":"2abc4487-cbc7-47a9-838d-1bcfda8cd106","method":"GET","url":"/tasks","params":{"path":["tasks"]},"headers":{"host":"192.168.0.190:3001","content-type":"application/json","connection":"keep-alive","if-none-match":"W/\"4598-8QlI2ZJy0+GnY7NoyX7nJpvHK+w\"","accept":"*/*","accept-language":"en-IN,en;q=0.9","accept-encoding":"gzip, deflate","user-agent":"fayr/1 CFNetwork/3896.100.1.2.1 Darwin/27.0.0"}},"requestId":"2abc4487-cbc7-47a9-838d-1bcfda8cd106","res":{"statusCode":304,"headers":{"x-content-type-options":"nosniff","content-security-policy":"default-src 'none'; frame-ancestors 'none'; base-uri 'none'; form-action 'none'; sandbox","x-frame-options":"DENY","referrer-policy":"no-referrer","cross-origin-resource-policy":"same-site","x-permitted-cross-domain-policies":"none","vary":"Origin","x-request-id":"2abc4487-cbc7-47a9-838d-1bcfda8cd106","x-ratelimit-limit":"60","x-ratelimit-remaining":"58","x-ratelimit-reset":"36","etag":"W/\"4598-8QlI2ZJy0+GnY7NoyX7nJpvHK+w\""}},"responseTime":16}
[2026-09-18 19:44:35.166 +0530] INFO (75446): orders-found task=cc9f1c1a-e9fd-4868-b425-f3ec8ad51398 pages=1 lens=[161] {"req":{"id":"823d20c9-667e-4350-a3ac-98b28143e9f2","method":"POST","url":"/tasks/cc9f1c1a-e9fd-4868-b425-f3ec8ad51398/orders-found","params":{"path":["tasks","cc9f1c1a-e9fd-4868-b425-f3ec8ad51398","orders-found"]},"headers":{"host":"192.168.0.190:3001","content-type":"application/json","user-agent":"fayr/1 CFNetwork/3896.100.1.2.1 Darwin/27.0.0","connection":"keep-alive","accept":"*/*","accept-language":"en-IN,en;q=0.9","content-length":"197","accept-encoding":"gzip, deflate"}},"requestId":"823d20c9-667e-4350-a3ac-98b28143e9f2","context":"OrderCandidatesService"}
[2026-09-18 19:44:35.167 +0530] INFO (75446): orders-found task=cc9f1c1a-e9fd-4868-b425-f3ec8ad51398 judged=1 matched=0 reasons=[product_name_not_found] {"req":{"id":"823d20c9-667e-4350-a3ac-98b28143e9f2","method":"POST","url":"/tasks/cc9f1c1a-e9fd-4868-b425-f3ec8ad51398/orders-found","params":{"path":["tasks","cc9f1c1a-e9fd-4868-b425-f3ec8ad51398","orders-found"]},"headers":{"host":"192.168.0.190:3001","content-type":"application/json","user-agent":"fayr/1 CFNetwork/3896.100.1.2.1 Darwin/27.0.0","connection":"keep-alive","accept":"*/*","accept-language":"en-IN,en;q=0.9","content-length":"197","accept-encoding":"gzip, deflate"}},"requestId":"823d20c9-667e-4350-a3ac-98b28143e9f2","context":"OrderCandidatesService"}
[2026-09-18 19:44:35.184 +0530] INFO (75446): request completed {"req":{"id":"823d20c9-667e-4350-a3ac-98b28143e9f2","method":"POST","url":"/tasks/cc9f1c1a-e9fd-4868-b425-f3ec8ad51398/orders-found","params":{"path":["tasks","cc9f1c1a-e9fd-4868-b425-f3ec8ad51398","orders-found"]},"headers":{"host":"192.168.0.190:3001","content-type":"application/json","user-agent":"fayr/1 CFNetwork/3896.100.1.2.1 Darwin/27.0.0","connection":"keep-alive","accept":"*/*","accept-language":"en-IN,en;q=0.9","content-length":"197","accept-encoding":"gzip, deflate"}},"requestId":"823d20c9-667e-4350-a3ac-98b28143e9f2","res":{"statusCode":200,"headers":{"x-content-type-options":"nosniff","content-security-policy":"default-src 'none'; frame-ancestors 'none'; base-uri 'none'; form-action 'none'; sandbox","x-frame-options":"DENY","referrer-policy":"no-referrer","cross-origin-resource-policy":"same-site","x-permitted-cross-domain-policies":"none","vary":"Origin","x-request-id":"823d20c9-667e-4350-a3ac-98b28143e9f2","x-ratelimit-limit":"60","x-ratelimit-remaining":"52","x-ratelimit-reset":"25","content-type":"application/json; charset=utf-8","content-length":"420","etag":"W/\"1a4-dwYYT8i67yZD/v5T9RdBCbbJP44\""}},"responseTime":35}
[2026-09-18 19:44:36.335 +0530] INFO (75446): orders-found task=cc9f1c1a-e9fd-4868-b425-f3ec8ad51398 pages=2 lens=[161,458] {"req":{"id":"5c66d9eb-a209-4ca9-8213-0e456b8c65d7","method":"POST","url":"/tasks/cc9f1c1a-e9fd-4868-b425-f3ec8ad51398/orders-found","params":{"path":["tasks","cc9f1c1a-e9fd-4868-b425-f3ec8ad51398","orders-found"]},"headers":{"host":"192.168.0.190:3001","content-type":"application/json","user-agent":"fayr/1 CFNetwork/3896.100.1.2.1 Darwin/27.0.0","connection":"keep-alive","accept":"*/*","accept-language":"en-IN,en;q=0.9","content-length":"726","accept-encoding":"gzip, deflate"}},"requestId":"5c66d9eb-a209-4ca9-8213-0e456b8c65d7","context":"OrderCandidatesService"}
[2026-09-18 19:44:36.337 +0530] INFO (75446): orders-found task=cc9f1c1a-e9fd-4868-b425-f3ec8ad51398 judged=2 matched=0 reasons=[product_name_not_found,product_name_not_found] {"req":{"id":"5c66d9eb-a209-4ca9-8213-0e456b8c65d7","method":"POST","url":"/tasks/cc9f1c1a-e9fd-4868-b425-f3ec8ad51398/orders-found","params":{"path":["tasks","cc9f1c1a-e9fd-4868-b425-f3ec8ad51398","orders-found"]},"headers":{"host":"192.168.0.190:3001","content-type":"application/json","user-agent":"fayr/1 CFNetwork/3896.100.1.2.1 Darwin/27.0.0","connection":"keep-alive","accept":"*/*","accept-language":"en-IN,en;q=0.9","content-length":"726","accept-encoding":"gzip, deflate"}},"requestId":"5c66d9eb-a209-4ca9-8213-0e456b8c65d7","context":"OrderCandidatesService"}
[2026-09-18 19:44:36.353 +0530] INFO (75446): request completed {"req":{"id":"5c66d9eb-a209-4ca9-8213-0e456b8c65d7","method":"POST","url":"/tasks/cc9f1c1a-e9fd-4868-b425-f3ec8ad51398/orders-found","params":{"path":["tasks","cc9f1c1a-e9fd-4868-b425-f3ec8ad51398","orders-found"]},"headers":{"host":"192.168.0.190:3001","content-type":"application/json","user-agent":"fayr/1 CFNetwork/3896.100.1.2.1 Darwin/27.0.0","connection":"keep-alive","accept":"*/*","accept-language":"en-IN,en;q=0.9","content-length":"726","accept-encoding":"gzip, deflate"}},"requestId":"5c66d9eb-a209-4ca9-8213-0e456b8c65d7","res":{"statusCode":200,"headers":{"x-content-type-options":"nosniff","content-security-policy":"default-src 'none'; frame-ancestors 'none'; base-uri 'none'; form-action 'none'; sandbox","x-frame-options":"DENY","referrer-policy":"no-referrer","cross-origin-resource-policy":"same-site","x-permitted-cross-domain-policies":"none","vary":"Origin","x-request-id":"5c66d9eb-a209-4ca9-8213-0e456b8c65d7","x-ratelimit-limit":"60","x-ratelimit-remaining":"51","x-ratelimit-reset":"24","content-type":"application/json; charset=utf-8","content-length":"1109","etag":"W/\"455-c0wIMaRSeHn1tN2LV0w9XNNOLKU\""}},"responseTime":28}
[2026-09-18 19:44:37.522 +0530] INFO (75446): orders-found task=cc9f1c1a-e9fd-4868-b425-f3ec8ad51398 pages=3 lens=[161,458,313] {"req":{"id":"a3a152e6-f914-40bd-b740-1890f78e0186","method":"POST","url":"/tasks/cc9f1c1a-e9fd-4868-b425-f3ec8ad51398/orders-found","params":{"path":["tasks","cc9f1c1a-e9fd-4868-b425-f3ec8ad51398","orders-found"]},"headers":{"host":"192.168.0.190:3001","content-type":"application/json","user-agent":"fayr/1 CFNetwork/3896.100.1.2.1 Darwin/27.0.0","connection":"keep-alive","accept":"*/*","accept-language":"en-IN,en;q=0.9","content-length":"1082","accept-encoding":"gzip, deflate"}},"requestId":"a3a152e6-f914-40bd-b740-1890f78e0186","context":"OrderCandidatesService"}
[2026-09-18 19:44:37.524 +0530] INFO (75446): orders-found task=cc9f1c1a-e9fd-4868-b425-f3ec8ad51398 judged=3 matched=0 reasons=[product_name_not_found,product_name_not_found,product_name_not_found] {"req":{"id":"a3a152e6-f914-40bd-b740-1890f78e0186","method":"POST","url":"/tasks/cc9f1c1a-e9fd-4868-b425-f3ec8ad51398/orders-found","params":{"path":["tasks","cc9f1c1a-e9fd-4868-b425-f3ec8ad51398","orders-found"]},"headers":{"host":"192.168.0.190:3001","content-type":"application/json","user-agent":"fayr/1 CFNetwork/3896.100.1.2.1 Darwin/27.0.0","connection":"keep-alive","accept":"*/*","accept-language":"en-IN,en;q=0.9","content-length":"1082","accept-encoding":"gzip, deflate"}},"requestId":"a3a152e6-f914-40bd-b740-1890f78e0186","context":"OrderCandidatesService"}
[2026-09-18 19:44:37.538 +0530] INFO (75446): request completed {"req":{"id":"a3a152e6-f914-40bd-b740-1890f78e0186","method":"POST","url":"/tasks/cc9f1c1a-e9fd-4868-b425-f3ec8ad51398/orders-found","params":{"path":["tasks","cc9f1c1a-e9fd-4868-b425-f3ec8ad51398","orders-found"]},"headers":{"host":"192.168.0.190:3001","content-type":"application/json","user-agent":"fayr/1 CFNetwork/3896.100.1.2.1 Darwin/27.0.0","connection":"keep-alive","accept":"*/*","accept-language":"en-IN,en;q=0.9","content-length":"1082","accept-encoding":"gzip, deflate"}},"requestId":"a3a152e6-f914-40bd-b740-1890f78e0186","res":{"statusCode":200,"headers":{"x-content-type-options":"nosniff","content-security-policy":"default-src 'none'; frame-ancestors 'none'; base-uri 'none'; form-action 'none'; sandbox","x-frame-options":"DENY","referrer-policy":"no-referrer","cross-origin-resource-policy":"same-site","x-permitted-cross-domain-policies":"none","vary":"Origin","x-request-id":"a3a152e6-f914-40bd-b740-1890f78e0186","x-ratelimit-limit":"60","x-ratelimit-remaining":"50","x-ratelimit-reset":"23","content-type":"application/json; charset=utf-8","content-length":"1658","etag":"W/\"67a-NLUACMSlI4NOA4jh7nr9L4RuHTI\""}},"responseTime":25}
[2026-09-18 19:44:38.671 +0530] INFO (75446): orders-found task=cc9f1c1a-e9fd-4868-b425-f3ec8ad51398 pages=4 lens=[161,458,313,707] {"req":{"id":"dc5e5322-43fd-403c-88b5-c9ee2903695e","method":"POST","url":"/tasks/cc9f1c1a-e9fd-4868-b425-f3ec8ad51398/orders-found","params":{"path":["tasks","cc9f1c1a-e9fd-4868-b425-f3ec8ad51398","orders-found"]},"headers":{"host":"192.168.0.190:3001","content-type":"application/json","user-agent":"fayr/1 CFNetwork/3896.100.1.2.1 Darwin/27.0.0","connection":"keep-alive","accept":"*/*","accept-language":"en-IN,en;q=0.9","content-length":"1884","accept-encoding":"gzip, deflate"}},"requestId":"dc5e5322-43fd-403c-88b5-c9ee2903695e","context":"OrderCandidatesService"}
[2026-09-18 19:44:38.673 +0530] INFO (75446): orders-found task=cc9f1c1a-e9fd-4868-b425-f3ec8ad51398 judged=4 matched=0 reasons=[product_name_not_found,product_name_not_found,product_name_not_found,product_name_not_found] {"req":{"id":"dc5e5322-43fd-403c-88b5-c9ee2903695e","method":"POST","url":"/tasks/cc9f1c1a-e9fd-4868-b425-f3ec8ad51398/orders-found","params":{"path":["tasks","cc9f1c1a-e9fd-4868-b425-f3ec8ad51398","orders-found"]},"headers":{"host":"192.168.0.190:3001","content-type":"application/json","user-agent":"fayr/1 CFNetwork/3896.100.1.2.1 Darwin/27.0.0","connection":"keep-alive","accept":"*/*","accept-language":"en-IN,en;q=0.9","content-length":"1884","accept-encoding":"gzip, deflate"}},"requestId":"dc5e5322-43fd-403c-88b5-c9ee2903695e","context":"OrderCandidatesService"}
[2026-09-18 19:44:38.692 +0530] INFO (75446): request completed {"req":{"id":"dc5e5322-43fd-403c-88b5-c9ee2903695e","method":"POST","url":"/tasks/cc9f1c1a-e9fd-4868-b425-f3ec8ad51398/orders-found","params":{"path":["tasks","cc9f1c1a-e9fd-4868-b425-f3ec8ad51398","orders-found"]},"headers":{"host":"192.168.0.190:3001","content-type":"application/json","user-agent":"fayr/1 CFNetwork/3896.100.1.2.1 Darwin/27.0.0","connection":"keep-alive","accept":"*/*","accept-language":"en-IN,en;q=0.9","content-length":"1884","accept-encoding":"gzip, deflate"}},"requestId":"dc5e5322-43fd-403c-88b5-c9ee2903695e","res":{"statusCode":200,"headers":{"x-content-type-options":"nosniff","content-security-policy":"default-src 'none'; frame-ancestors 'none'; base-uri 'none'; form-action 'none'; sandbox","x-frame-options":"DENY","referrer-policy":"no-referrer","cross-origin-resource-policy":"same-site","x-permitted-cross-domain-policies":"none","vary":"Origin","x-request-id":"dc5e5322-43fd-403c-88b5-c9ee2903695e","x-ratelimit-limit":"60","x-ratelimit-remaining":"49","x-ratelimit-reset":"22","content-type":"application/json; charset=utf-8","content-length":"2620","etag":"W/\"a3c-58xMvjtRiCYMmMISXEQKYLjulKw\""}},"responseTime":30}
[2026-09-18 19:44:39.902 +0530] INFO (75446): orders-found task=cc9f1c1a-e9fd-4868-b425-f3ec8ad51398 pages=5 lens=[161,458,313,707,198] {"req":{"id":"a51002c3-6d98-45fe-8873-1c79eb1f1477","method":"POST","url":"/tasks/cc9f1c1a-e9fd-4868-b425-f3ec8ad51398/orders-found","params":{"path":["tasks","cc9f1c1a-e9fd-4868-b425-f3ec8ad51398","orders-found"]},"headers":{"host":"192.168.0.190:3001","content-type":"application/json","user-agent":"fayr/1 CFNetwork/3896.100.1.2.1 Darwin/27.0.0","connection":"keep-alive","accept":"*/*","accept-language":"en-IN,en;q=0.9","content-length":"2111","accept-encoding":"gzip, deflate"}},"requestId":"a51002c3-6d98-45fe-8873-1c79eb1f1477","context":"OrderCandidatesService"}
[2026-09-18 19:44:39.904 +0530] INFO (75446): orders-found task=cc9f1c1a-e9fd-4868-b425-f3ec8ad51398 judged=5 matched=0 reasons=[product_name_not_found,product_name_not_found,product_name_not_found,product_name_not_found,product_name_not_found] {"req":{"id":"a51002c3-6d98-45fe-8873-1c79eb1f1477","method":"POST","url":"/tasks/cc9f1c1a-e9fd-4868-b425-f3ec8ad51398/orders-found","params":{"path":["tasks","cc9f1c1a-e9fd-4868-b425-f3ec8ad51398","orders-found"]},"headers":{"host":"192.168.0.190:3001","content-type":"application/json","user-agent":"fayr/1 CFNetwork/3896.100.1.2.1 Darwin/27.0.0","connection":"keep-alive","accept":"*/*","accept-language":"en-IN,en;q=0.9","content-length":"2111","accept-encoding":"gzip, deflate"}},"requestId":"a51002c3-6d98-45fe-8873-1c79eb1f1477","context":"OrderCandidatesService"}
[2026-09-18 19:44:39.918 +0530] INFO (75446): request completed {"req":{"id":"a51002c3-6d98-45fe-8873-1c79eb1f1477","method":"POST","url":"/tasks/cc9f1c1a-e9fd-4868-b425-f3ec8ad51398/orders-found","params":{"path":["tasks","cc9f1c1a-e9fd-4868-b425-f3ec8ad51398","orders-found"]},"headers":{"host":"192.168.0.190:3001","content-type":"application/json","user-agent":"fayr/1 CFNetwork/3896.100.1.2.1 Darwin/27.0.0","connection":"keep-alive","accept":"*/*","accept-language":"en-IN,en;q=0.9","content-length":"2111","accept-encoding":"gzip, deflate"}},"requestId":"a51002c3-6d98-45fe-8873-1c79eb1f1477","res":{"statusCode":200,"headers":{"x-content-type-options":"nosniff","content-security-policy":"default-src 'none'; frame-ancestors 'none'; base-uri 'none'; form-action 'none'; sandbox","x-frame-options":"DENY","referrer-policy":"no-referrer","cross-origin-resource-policy":"same-site","x-permitted-cross-domain-policies":"none","vary":"Origin","x-request-id":"a51002c3-6d98-45fe-8873-1c79eb1f1477","x-ratelimit-limit":"60","x-ratelimit-remaining":"48","x-ratelimit-reset":"21","content-type":"application/json; charset=utf-8","content-length":"3055","etag":"W/\"bef-nePco1IZQMKaquUmRANP7GQkBu0\""}},"responseTime":25}
[2026-09-18 19:44:41.183 +0530] INFO (75446): orders-found task=cc9f1c1a-e9fd-4868-b425-f3ec8ad51398 pages=6 lens=[161,458,313,707,198,160] {"req":{"id":"ea4e3fc8-4ac3-49c0-9a4b-009f8ea1751e","method":"POST","url":"/tasks/cc9f1c1a-e9fd-4868-b425-f3ec8ad51398/orders-found","params":{"path":["tasks","cc9f1c1a-e9fd-4868-b425-f3ec8ad51398","orders-found"]},"headers":{"host":"192.168.0.190:3001","content-type":"application/json","user-agent":"fayr/1 CFNetwork/3896.100.1.2.1 Darwin/27.0.0","connection":"keep-alive","accept":"*/*","accept-language":"en-IN,en;q=0.9","content-length":"2299","accept-encoding":"gzip, deflate"}},"requestId":"ea4e3fc8-4ac3-49c0-9a4b-009f8ea1751e","context":"OrderCandidatesService"}
[2026-09-18 19:44:41.185 +0530] INFO (75446): orders-found task=cc9f1c1a-e9fd-4868-b425-f3ec8ad51398 judged=6 matched=0 reasons=[product_name_not_found,product_name_not_found,product_name_not_found,product_name_not_found,product_name_not_found,product_name_not_found] {"req":{"id":"ea4e3fc8-4ac3-49c0-9a4b-009f8ea1751e","method":"POST","url":"/tasks/cc9f1c1a-e9fd-4868-b425-f3ec8ad51398/orders-found","params":{"path":["tasks","cc9f1c1a-e9fd-4868-b425-f3ec8ad51398","orders-found"]},"headers":{"host":"192.168.0.190:3001","content-type":"application/json","user-agent":"fayr/1 CFNetwork/3896.100.1.2.1 Darwin/27.0.0","connection":"keep-alive","accept":"*/*","accept-language":"en-IN,en;q=0.9","content-length":"2299","accept-encoding":"gzip, deflate"}},"requestId":"ea4e3fc8-4ac3-49c0-9a4b-009f8ea1751e","context":"OrderCandidatesService"}
[2026-09-18 19:44:41.201 +0530] INFO (75446): request completed {"req":{"id":"ea4e3fc8-4ac3-49c0-9a4b-009f8ea1751e","method":"POST","url":"/tasks/cc9f1c1a-e9fd-4868-b425-f3ec8ad51398/orders-found","params":{"path":["tasks","cc9f1c1a-e9fd-4868-b425-f3ec8ad51398","orders-found"]},"headers":{"host":"192.168.0.190:3001","content-type":"application/json","user-agent":"fayr/1 CFNetwork/3896.100.1.2.1 Darwin/27.0.0","connection":"keep-alive","accept":"*/*","accept-language":"en-IN,en;q=0.9","content-length":"2299","accept-encoding":"gzip, deflate"}},"requestId":"ea4e3fc8-4ac3-49c0-9a4b-009f8ea1751e","res":{"statusCode":200,"headers":{"x-content-type-options":"nosniff","content-security-policy":"default-src 'none'; frame-ancestors 'none'; base-uri 'none'; form-action 'none'; sandbox","x-frame-options":"DENY","referrer-policy":"no-referrer","cross-origin-resource-policy":"same-site","x-permitted-cross-domain-policies":"none","vary":"Origin","x-request-id":"ea4e3fc8-4ac3-49c0-9a4b-009f8ea1751e","x-ratelimit-limit":"60","x-ratelimit-remaining":"47","x-ratelimit-reset":"19","content-type":"application/json; charset=utf-8","content-length":"3460","etag":"W/\"d84-RwsIujlx2MdJObHBBnGeqNvYm3M\""}},"responseTime":26}
[2026-09-18 19:44:42.386 +0530] INFO (75446): orders-found task=cc9f1c1a-e9fd-4868-b425-f3ec8ad51398 pages=7 lens=[161,458,313,707,198,160,327] {"req":{"id":"f12bdcf2-4a03-48cc-895c-81f5a36e2675","method":"POST","url":"/tasks/cc9f1c1a-e9fd-4868-b425-f3ec8ad51398/orders-found","params":{"path":["tasks","cc9f1c1a-e9fd-4868-b425-f3ec8ad51398","orders-found"]},"headers":{"host":"192.168.0.190:3001","content-type":"application/json","user-agent":"fayr/1 CFNetwork/3896.100.1.2.1 Darwin/27.0.0","connection":"keep-alive","accept":"*/*","accept-language":"en-IN,en;q=0.9","content-length":"2682","accept-encoding":"gzip, deflate"}},"requestId":"f12bdcf2-4a03-48cc-895c-81f5a36e2675","context":"OrderCandidatesService"}
[2026-09-18 19:44:42.389 +0530] INFO (75446): orders-found task=cc9f1c1a-e9fd-4868-b425-f3ec8ad51398 judged=7 matched=0 reasons=[product_name_not_found,product_name_not_found,product_name_not_found,product_name_not_found,product_name_not_found,product_name_not_found,product_name_not_found] {"req":{"id":"f12bdcf2-4a03-48cc-895c-81f5a36e2675","method":"POST","url":"/tasks/cc9f1c1a-e9fd-4868-b425-f3ec8ad51398/orders-found","params":{"path":["tasks","cc9f1c1a-e9fd-4868-b425-f3ec8ad51398","orders-found"]},"headers":{"host":"192.168.0.190:3001","content-type":"application/json","user-agent":"fayr/1 CFNetwork/3896.100.1.2.1 Darwin/27.0.0","connection":"keep-alive","accept":"*/*","accept-language":"en-IN,en;q=0.9","content-length":"2682","accept-encoding":"gzip, deflate"}},"requestId":"f12bdcf2-4a03-48cc-895c-81f5a36e2675","context":"OrderCandidatesService"}
[2026-09-18 19:44:42.404 +0530] INFO (75446): request completed {"req":{"id":"f12bdcf2-4a03-48cc-895c-81f5a36e2675","method":"POST","url":"/tasks/cc9f1c1a-e9fd-4868-b425-f3ec8ad51398/orders-found","params":{"path":["tasks","cc9f1c1a-e9fd-4868-b425-f3ec8ad51398","orders-found"]},"headers":{"host":"192.168.0.190:3001","content-type":"application/json","user-agent":"fayr/1 CFNetwork/3896.100.1.2.1 Darwin/27.0.0","connection":"keep-alive","accept":"*/*","accept-language":"en-IN,en;q=0.9","content-length":"2682","accept-encoding":"gzip, deflate"}},"requestId":"f12bdcf2-4a03-48cc-895c-81f5a36e2675","res":{"statusCode":200,"headers":{"x-content-type-options":"nosniff","content-security-policy":"default-src 'none'; frame-ancestors 'none'; base-uri 'none'; form-action 'none'; sandbox","x-frame-options":"DENY","referrer-policy":"no-referrer","cross-origin-resource-policy":"same-site","x-permitted-cross-domain-policies":"none","vary":"Origin","x-request-id":"f12bdcf2-4a03-48cc-895c-81f5a36e2675","x-ratelimit-limit":"60","x-ratelimit-remaining":"46","x-ratelimit-reset":"18","content-type":"application/json; charset=utf-8","content-length":"4027","etag":"W/\"fbb-TNNBNGmSiHbhQeRkIJxT8Ijd5qc\""}},"responseTime":26}
[2026-09-18 19:44:42.424 +0530] INFO (75446): request completed {"req":{"id":"556bcb2b-3022-41c0-bc40-b1681ab8ef34","method":"GET","url":"/tasks","params":{"path":["tasks"]},"headers":{"host":"192.168.0.190:3001","content-type":"application/json","connection":"keep-alive","if-none-match":"W/\"4598-8QlI2ZJy0+GnY7NoyX7nJpvHK+w\"","accept":"*/*","accept-language":"en-IN,en;q=0.9","accept-encoding":"gzip, deflate","user-agent":"fayr/1 CFNetwork/3896.100.1.2.1 Darwin/27.0.0"}},"requestId":"556bcb2b-3022-41c0-bc40-b1681ab8ef34","res":{"statusCode":304,"headers":{"x-content-type-options":"nosniff","content-security-policy":"default-src 'none'; frame-ancestors 'none'; base-uri 'none'; form-action 'none'; sandbox","x-frame-options":"DENY","referrer-policy":"no-referrer","cross-origin-resource-policy":"same-site","x-permitted-cross-domain-policies":"none","vary":"Origin","x-request-id":"556bcb2b-3022-41c0-bc40-b1681ab8ef34","x-ratelimit-limit":"60","x-ratelimit-remaining":"57","x-ratelimit-reset":"26","etag":"W/\"4598-8QlI2ZJy0+GnY7NoyX7nJpvHK+w\""}},"responseTime":9}
[2026-09-18 19:44:42.500 +0530] INFO (75446): request completed {"req":{"id":"e5c63c33-e923-4427-9c1c-b5fe5dfef17f","method":"GET","url":"/tasks/cc9f1c1a-e9fd-4868-b425-f3ec8ad51398/screenshots","params":{"path":["tasks","cc9f1c1a-e9fd-4868-b425-f3ec8ad51398","screenshots"]},"headers":{"host":"192.168.0.190:3001","content-type":"application/json","connection":"keep-alive","if-none-match":"W/\"2-l9Fw4VUO7kr8CvBlt4zaMCqXZ0w\"","accept":"*/*","accept-language":"en-IN,en;q=0.9","accept-encoding":"gzip, deflate","user-agent":"fayr/1 CFNetwork/3896.100.1.2.1 Darwin/27.0.0"}},"requestId":"e5c63c33-e923-4427-9c1c-b5fe5dfef17f","res":{"statusCode":304,"headers":{"x-content-type-options":"nosniff","content-security-policy":"default-src 'none'; frame-ancestors 'none'; base-uri 'none'; form-action 'none'; sandbox","x-frame-options":"DENY","referrer-policy":"no-referrer","cross-origin-resource-policy":"same-site","x-permitted-cross-domain-policies":"none","vary":"Origin","x-request-id":"e5c63c33-e923-4427-9c1c-b5fe5dfef17f","x-ratelimit-limit":"60","x-ratelimit-remaining":"57","x-ratelimit-reset":"26","etag":"W/\"2-l9Fw4VUO7kr8CvBlt4zaMCqXZ0w\""}},"responseTime":12}
[2026-09-18 19:44:42.501 +0530] INFO (75446): request completed {"req":{"id":"b1c604ec-6d9c-49b1-90b5-fa552ead5bbb","method":"GET","url":"/tasks/cc9f1c1a-e9fd-4868-b425-f3ec8ad51398","params":{"path":["tasks","cc9f1c1a-e9fd-4868-b425-f3ec8ad51398"]},"headers":{"host":"192.168.0.190:3001","content-type":"application/json","connection":"keep-alive","if-none-match":"W/\"61d-M2os5cWmbA6kZf6bzw5257qEjMI\"","accept":"*/*","accept-language":"en-IN,en;q=0.9","accept-encoding":"gzip, deflate","user-agent":"fayr/1 CFNetwork/3896.100.1.2.1 Darwin/27.0.0"}},"requestId":"b1c604ec-6d9c-49b1-90b5-fa552ead5bbb","res":{"statusCode":304,"headers":{"x-content-type-options":"nosniff","content-security-policy":"default-src 'none'; frame-ancestors 'none'; base-uri 'none'; form-action 'none'; sandbox","x-frame-options":"DENY","referrer-policy":"no-referrer","cross-origin-resource-policy":"same-site","x-permitted-cross-domain-policies":"none","vary":"Origin","x-request-id":"b1c604ec-6d9c-49b1-90b5-fa552ead5bbb","x-ratelimit-limit":"60","x-ratelimit-remaining":"58","x-ratelimit-reset":"26","etag":"W/\"61d-M2os5cWmbA6kZf6bzw5257qEjMI\""}},"responseTime":4}
[2026-09-18 19:44:42.504 +0530] INFO (75446): request completed {"req":{"id":"2ac6cbc5-db75-4c6c-835a-91a95d4e116b","method":"GET","url":"/tasks/cc9f1c1a-e9fd-4868-b425-f3ec8ad51398/screenshots","params":{"path":["tasks","cc9f1c1a-e9fd-4868-b425-f3ec8ad51398","screenshots"]},"headers":{"host":"192.168.0.190:3001","content-type":"application/json","connection":"keep-alive","if-none-match":"W/\"2-l9Fw4VUO7kr8CvBlt4zaMCqXZ0w\"","accept":"*/*","accept-language":"en-IN,en;q=0.9","accept-encoding":"gzip, deflate","user-agent":"fayr/1 CFNetwork/3896.100.1.2.1 Darwin/27.0.0"}},"requestId":"2ac6cbc5-db75-4c6c-835a-91a95d4e116b","res":{"statusCode":304,"headers":{"x-content-type-options":"nosniff","content-security-policy":"default-src 'none'; frame-ancestors 'none'; base-uri 'none'; form-action 'none'; sandbox","x-frame-options":"DENY","referrer-policy":"no-referrer","cross-origin-resource-policy":"same-site","x-permitted-cross-domain-policies":"none","vary":"Origin","x-request-id":"2ac6cbc5-db75-4c6c-835a-91a95d4e116b","x-ratelimit-limit":"60","x-ratelimit-remaining":"56","x-ratelimit-reset":"26","etag":"W/\"2-l9Fw4VUO7kr8CvBlt4zaMCqXZ0w\""}},"responseTime":9}
[2026-09-18 19:44:43.582 +0530] INFO (75446): request completed {"req":{"id":"05d41d97-09fa-4e5d-b2ba-38e3e2c42a31","method":"GET","url":"/tasks/cc9f1c1a-e9fd-4868-b425-f3ec8ad51398/screenshots","params":{"path":["tasks","cc9f1c1a-e9fd-4868-b425-f3ec8ad51398","screenshots"]},"headers":{"host":"192.168.0.190:3001","content-type":"application/json","connection":"keep-alive","if-none-match":"W/\"2-l9Fw4VUO7kr8CvBlt4zaMCqXZ0w\"","accept":"*/*","accept-language":"en-IN,en;q=0.9","accept-encoding":"gzip, deflate","user-agent":"fayr/1 CFNetwork/3896.100.1.2.1 Darwin/27.0.0"}},"requestId":"05d41d97-09fa-4e5d-b2ba-38e3e2c42a31","res":{"statusCode":304,"headers":{"x-content-type-options":"nosniff","content-security-policy":"default-src 'none'; frame-ancestors 'none'; base-uri 'none'; form-action 'none'; sandbox","x-frame-options":"DENY","referrer-policy":"no-referrer","cross-origin-resource-policy":"same-site","x-permitted-cross-domain-policies":"none","vary":"Origin","x-request-id":"05d41d97-09fa-4e5d-b2ba-38e3e2c42a31","x-ratelimit-limit":"60","x-ratelimit-remaining":"55","x-ratelimit-reset":"24","etag":"W/\"2-l9Fw4VUO7kr8CvBlt4zaMCqXZ0w\""}},"responseTime":10}
[2026-09-18 19:44:49.825 +0530] INFO (75446): request completed {"req":{"id":"123b915d-d119-4c66-b2ec-f75445184fb7","method":"GET","url":"/me","params":{"path":["me"]},"headers":{"host":"192.168.0.190:3001","content-type":"application/json","connection":"keep-alive","if-none-match":"W/\"1a9-DDTJTudYtiPmoxaqBDF8leumbgE\"","accept":"*/*","accept-language":"en-IN,en;q=0.9","accept-encoding":"gzip, deflate","user-agent":"fayr/1 CFNetwork/3896.100.1.2.1 Darwin/27.0.0"}},"requestId":"123b915d-d119-4c66-b2ec-f75445184fb7","res":{"statusCode":304,"headers":{"x-content-type-options":"nosniff","content-security-policy":"default-src 'none'; frame-ancestors 'none'; base-uri 'none'; form-action 'none'; sandbox","x-frame-options":"DENY","referrer-policy":"no-referrer","cross-origin-resource-policy":"same-site","x-permitted-cross-domain-policies":"none","vary":"Origin","x-request-id":"123b915d-d119-4c66-b2ec-f75445184fb7","x-ratelimit-limit":"60","x-ratelimit-remaining":"58","x-ratelimit-reset":"43","etag":"W/\"1a9-DDTJTudYtiPmoxaqBDF8leumbgE\""}},"responseTime":6}
[2026-09-18 19:44:49.829 +0530] INFO (75446): request completed {"req":{"id":"e45b4dea-8ba6-444c-9ee9-26bb543ee11c","method":"GET","url":"/tasks","params":{"path":["tasks"]},"headers":{"host":"192.168.0.190:3001","content-type":"application/json","connection":"keep-alive","if-none-match":"W/\"4598-8QlI2ZJy0+GnY7NoyX7nJpvHK+w\"","accept":"*/*","accept-language":"en-IN,en;q=0.9","accept-encoding":"gzip, deflate","user-agent":"fayr/1 CFNetwork/3896.100.1.2.1 Darwin/27.0.0"}},"requestId":"e45b4dea-8ba6-444c-9ee9-26bb543ee11c","res":{"statusCode":304,"headers":{"x-content-type-options":"nosniff","content-security-policy":"default-src 'none'; frame-ancestors 'none'; base-uri 'none'; form-action 'none'; sandbox","x-frame-options":"DENY","referrer-policy":"no-referrer","cross-origin-resource-policy":"same-site","x-permitted-cross-domain-policies":"none","vary":"Origin","x-request-id":"e45b4dea-8ba6-444c-9ee9-26bb543ee11c","x-ratelimit-limit":"60","x-ratelimit-remaining":"56","x-ratelimit-reset":"18","etag":"W/\"4598-8QlI2ZJy0+GnY7NoyX7nJpvHK+w\""}},"responseTime":11}
[2026-09-18 19:45:00.065 +0530] DEBUG (75446): retention: no screenshots older than 90 days {"context":"ScreenshotRetentionService"}
[2026-09-18 19:45:00.065 +0530] INFO (75446): maintenance tick {"expired":0,"rechecked":0,"regressed":0,"released":0,"purged":0} {"context":"SchedulerService"}
[2026-09-18 19:45:01.149 +0530] INFO (75446): request completed {"req":{"id":"d7998f11-0811-46f3-9073-53d276ac0e1f","method":"GET","url":"/tasks/cc9f1c1a-e9fd-4868-b425-f3ec8ad51398","params":{"path":["tasks","cc9f1c1a-e9fd-4868-b425-f3ec8ad51398"]},"headers":{"host":"192.168.0.190:3001","content-type":"application/json","connection":"keep-alive","if-none-match":"W/\"61d-M2os5cWmbA6kZf6bzw5257qEjMI\"","accept":"*/*","accept-language":"en-IN,en;q=0.9","accept-encoding":"gzip, deflate","user-agent":"fayr/1 CFNetwork/3896.100.1.2.1 Darwin/27.0.0"}},"requestId":"d7998f11-0811-46f3-9073-53d276ac0e1f","res":{"statusCode":304,"headers":{"x-content-type-options":"nosniff","content-security-policy":"default-src 'none'; frame-ancestors 'none'; base-uri 'none'; form-action 'none'; sandbox","x-frame-options":"DENY","referrer-policy":"no-referrer","cross-origin-resource-policy":"same-site","x-permitted-cross-domain-policies":"none","vary":"Origin","x-request-id":"d7998f11-0811-46f3-9073-53d276ac0e1f","x-ratelimit-limit":"60","x-ratelimit-remaining":"57","x-ratelimit-reset":"7","etag":"W/\"61d-M2os5cWmbA6kZf6bzw5257qEjMI\""}},"responseTime":10}
[2026-09-18 19:45:01.153 +0530] INFO (75446): request completed {"req":{"id":"c447b5bb-d8e7-4332-b7c4-e26f650ba9ce","method":"GET","url":"/tasks/cc9f1c1a-e9fd-4868-b425-f3ec8ad51398/screenshots","params":{"path":["tasks","cc9f1c1a-e9fd-4868-b425-f3ec8ad51398","screenshots"]},"headers":{"host":"192.168.0.190:3001","content-type":"application/json","connection":"keep-alive","if-none-match":"W/\"2-l9Fw4VUO7kr8CvBlt4zaMCqXZ0w\"","accept":"*/*","accept-language":"en-IN,en;q=0.9","accept-encoding":"gzip, deflate","user-agent":"fayr/1 CFNetwork/3896.100.1.2.1 Darwin/27.0.0"}},"requestId":"c447b5bb-d8e7-4332-b7c4-e26f650ba9ce","res":{"statusCode":304,"headers":{"x-content-type-options":"nosniff","content-security-policy":"default-src 'none'; frame-ancestors 'none'; base-uri 'none'; form-action 'none'; sandbox","x-frame-options":"DENY","referrer-policy":"no-referrer","cross-origin-resource-policy":"same-site","x-permitted-cross-domain-policies":"none","vary":"Origin","x-request-id":"c447b5bb-d8e7-4332-b7c4-e26f650ba9ce","x-ratelimit-limit":"60","x-ratelimit-remaining":"54","x-ratelimit-reset":"7","etag":"W/\"2-l9Fw4VUO7kr8CvBlt4zaMCqXZ0w\""}},"responseTime":20}
[2026-09-18 19:45:04.817 +0530] INFO (75446): request completed {"req":{"id":"ade07610-75f1-462e-9585-d63d58763c2b","method":"GET","url":"/tasks","params":{"path":["tasks"]},"headers":{"host":"192.168.0.190:3001","content-type":"application/json","connection":"keep-alive","if-none-match":"W/\"4598-8QlI2ZJy0+GnY7NoyX7nJpvHK+w\"","accept":"*/*","accept-language":"en-IN,en;q=0.9","accept-encoding":"gzip, deflate","user-agent":"fayr/1 CFNetwork/3896.100.1.2.1 Darwin/27.0.0"}},"requestId":"ade07610-75f1-462e-9585-d63d58763c2b","res":{"statusCode":304,"headers":{"x-content-type-options":"nosniff","content-security-policy":"default-src 'none'; frame-ancestors 'none'; base-uri 'none'; form-action 'none'; sandbox","x-frame-options":"DENY","referrer-policy":"no-referrer","cross-origin-resource-policy":"same-site","x-permitted-cross-domain-policies":"none","vary":"Origin","x-request-id":"ade07610-75f1-462e-9585-d63d58763c2b","x-ratelimit-limit":"60","x-ratelimit-remaining":"55","x-ratelimit-reset":"3","etag":"W/\"4598-8QlI2ZJy0+GnY7NoyX7nJpvHK+w\""}},"responseTime":19}
[2026-09-18 19:45:04.817 +0530] INFO (75446): request completed {"req":{"id":"49d9c93e-c6ca-4fea-8d64-243812164e98","method":"GET","url":"/me","params":{"path":["me"]},"headers":{"host":"192.168.0.190:3001","content-type":"application/json","connection":"keep-alive","if-none-match":"W/\"1a9-DDTJTudYtiPmoxaqBDF8leumbgE\"","accept":"*/*","accept-language":"en-IN,en;q=0.9","accept-encoding":"gzip, deflate","user-agent":"fayr/1 CFNetwork/3896.100.1.2.1 Darwin/27.0.0"}},"requestId":"49d9c93e-c6ca-4fea-8d64-243812164e98","res":{"statusCode":304,"headers":{"x-content-type-options":"nosniff","content-security-policy":"default-src 'none'; frame-ancestors 'none'; base-uri 'none'; form-action 'none'; sandbox","x-frame-options":"DENY","referrer-policy":"no-referrer","cross-origin-resource-policy":"same-site","x-permitted-cross-domain-policies":"none","vary":"Origin","x-request-id":"49d9c93e-c6ca-4fea-8d64-243812164e98","x-ratelimit-limit":"60","x-ratelimit-remaining":"57","x-ratelimit-reset":"28","etag":"W/\"1a9-DDTJTudYtiPmoxaqBDF8leumbgE\""}},"responseTime":17}
[2026-09-18 19:46:00.045 +0530] DEBUG (75446): retention: no screenshots older than 90 days {"context":"ScreenshotRetentionService"}
[2026-09-18 19:46:00.046 +0530] INFO (75446): maintenance tick {"expired":0,"rechecked":0,"regressed":0,"released":0,"purged":0} {"context":"SchedulerService"}
[2026-09-18 19:47:00.046 +0530] DEBUG (75446): retention: no screenshots older than 90 days {"context":"ScreenshotRetentionService"}
[2026-09-18 19:47:00.047 +0530] INFO (75446): maintenance tick {"expired":0,"rechecked":0,"regressed":0,"released":0,"purged":0} {"context":"SchedulerService"}
[2026-09-18 19:48:00.045 +0530] DEBUG (75446): retention: no screenshots older than 90 days {"context":"ScreenshotRetentionService"}
[2026-09-18 19:48:00.046 +0530] INFO (75446): maintenance tick {"expired":0,"rechecked":0,"regressed":0,"released":0,"purged":0} {"context":"SchedulerService"}
[2026-09-18 19:49:00.049 +0530] DEBUG (75446): retention: no screenshots older than 90 days {"context":"ScreenshotRetentionService"}
[2026-09-18 19:49:00.050 +0530] INFO (75446): maintenance tick {"expired":0,"rechecked":0,"regressed":0,"released":0,"purged":0} {"context":"SchedulerService"}
[2026-09-18 19:50:00.056 +0530] DEBUG (75446): retention: no screenshots older than 90 days {"context":"ScreenshotRetentionService"}
[2026-09-18 19:50:00.057 +0530] INFO (75446): maintenance tick {"expired":0,"rechecked":0,"regressed":0,"released":0,"purged":0} {"context":"SchedulerService"}
[2026-09-18 19:51:00.087 +0530] DEBUG (75446): retention: no screenshots older than 90 days {"context":"ScreenshotRetentionService"}
[2026-09-18 19:51:00.087 +0530] INFO (75446): maintenance tick {"expired":0,"rechecked":0,"regressed":0,"released":0,"purged":0} {"context":"SchedulerService"}
[2026-09-18 19:52:00.043 +0530] DEBUG (75446): retention: no screenshots older than 90 days {"context":"ScreenshotRetentionService"}
[2026-09-18 19:52:00.044 +0530] INFO (75446): maintenance tick {"expired":0,"rechecked":0,"regressed":0,"released":0,"purged":0} {"context":"SchedulerService"}
[2026-09-18 19:53:00.053 +0530] DEBUG (75446): retention: no screenshots older than 90 days {"context":"ScreenshotRetentionService"}
[2026-09-18 19:53:00.054 +0530] INFO (75446): maintenance tick {"expired":0,"rechecked":0,"regressed":0,"released":0,"purged":0} {"context":"SchedulerService"}
[2026-09-18 19:54:00.055 +0530] DEBUG (75446): retention: no screenshots older than 90 days {"context":"ScreenshotRetentionService"}
[2026-09-18 19:54:00.056 +0530] INFO (75446): maintenance tick {"expired":0,"rechecked":0,"regressed":0,"released":0,"purged":0} {"context":"SchedulerService"}
[2026-09-18 19:55:00.031 +0530] DEBUG (75446): retention: no screenshots older than 90 days {"context":"ScreenshotRetentionService"}
[2026-09-18 19:55:00.032 +0530] INFO (75446): maintenance tick {"expired":0,"rechecked":0,"regressed":0,"released":0,"purged":0} {"context":"SchedulerService"}
[2026-09-18 19:55:10.534 +0530] WARN (75446): request completed {"req":{"id":"54a806ab-c4f2-4216-8b87-2d6a2603fa65","method":"GET","url":"/campaigns","params":{"path":["campaigns"]},"headers":{"host":"192.168.0.190:3001","content-type":"application/json","connection":"keep-alive","if-none-match":"W/\"7a0d-8jzvbZ7HDxU6IL2WzvirodDTh/Q\"","accept":"*/*","accept-language":"en-IN,en;q=0.9","accept-encoding":"gzip, deflate","user-agent":"fayr/1 CFNetwork/3896.100.1.2.1 Darwin/27.0.0"}},"requestId":"54a806ab-c4f2-4216-8b87-2d6a2603fa65","res":{"statusCode":401,"headers":{"x-content-type-options":"nosniff","content-security-policy":"default-src 'none'; frame-ancestors 'none'; base-uri 'none'; form-action 'none'; sandbox","x-frame-options":"DENY","referrer-policy":"no-referrer","cross-origin-resource-policy":"same-site","x-permitted-cross-domain-policies":"none","vary":"Origin","x-request-id":"54a806ab-c4f2-4216-8b87-2d6a2603fa65","x-ratelimit-limit":"60","x-ratelimit-remaining":"59","x-ratelimit-reset":"60","content-type":"application/json; charset=utf-8","content-length":"188","etag":"W/\"bc-9sZ2G8HGiA6N5x0nBcS3V2FACVM\""}},"responseTime":4}
[2026-09-18 19:55:10.536 +0530] WARN (75446): request completed {"req":{"id":"a3cf046a-760b-4a52-ba30-aaac68034011","method":"GET","url":"/tasks","params":{"path":["tasks"]},"headers":{"host":"192.168.0.190:3001","content-type":"application/json","connection":"keep-alive","if-none-match":"W/\"4598-8QlI2ZJy0+GnY7NoyX7nJpvHK+w\"","accept":"*/*","accept-language":"en-IN,en;q=0.9","accept-encoding":"gzip, deflate","user-agent":"fayr/1 CFNetwork/3896.100.1.2.1 Darwin/27.0.0"}},"requestId":"a3cf046a-760b-4a52-ba30-aaac68034011","res":{"statusCode":401,"headers":{"x-content-type-options":"nosniff","content-security-policy":"default-src 'none'; frame-ancestors 'none'; base-uri 'none'; form-action 'none'; sandbox","x-frame-options":"DENY","referrer-policy":"no-referrer","cross-origin-resource-policy":"same-site","x-permitted-cross-domain-policies":"none","vary":"Origin","x-request-id":"a3cf046a-760b-4a52-ba30-aaac68034011","x-ratelimit-limit":"60","x-ratelimit-remaining":"59","x-ratelimit-reset":"60","content-type":"application/json; charset=utf-8","content-length":"184","etag":"W/\"b8-f0/FO1V2VCYfFgde4V1fP2wVB2s\""}},"responseTime":1}
[2026-09-18 19:55:10.538 +0530] WARN (75446): request completed {"req":{"id":"b1bf8d9d-cf46-46ed-bcf0-0f17d66ed434","method":"GET","url":"/me","params":{"path":["me"]},"headers":{"host":"192.168.0.190:3001","content-type":"application/json","connection":"keep-alive","if-none-match":"W/\"1a9-DDTJTudYtiPmoxaqBDF8leumbgE\"","accept":"*/*","accept-language":"en-IN,en;q=0.9","accept-encoding":"gzip, deflate","user-agent":"fayr/1 CFNetwork/3896.100.1.2.1 Darwin/27.0.0"}},"requestId":"b1bf8d9d-cf46-46ed-bcf0-0f17d66ed434","res":{"statusCode":401,"headers":{"x-content-type-options":"nosniff","content-security-policy":"default-src 'none'; frame-ancestors 'none'; base-uri 'none'; form-action 'none'; sandbox","x-frame-options":"DENY","referrer-policy":"no-referrer","cross-origin-resource-policy":"same-site","x-permitted-cross-domain-policies":"none","vary":"Origin","x-request-id":"b1bf8d9d-cf46-46ed-bcf0-0f17d66ed434","x-ratelimit-limit":"60","x-ratelimit-remaining":"59","x-ratelimit-reset":"60","content-type":"application/json; charset=utf-8","content-length":"181","etag":"W/\"b5-Wl0EA+cWsBah3pzwVZR15HTb0UM\""}},"responseTime":1}
[2026-09-18 19:55:10.542 +0530] WARN (75446): request completed {"req":{"id":"59292e2f-5053-4d9a-9756-a295f2a82200","method":"GET","url":"/me","params":{"path":["me"]},"headers":{"host":"192.168.0.190:3001","content-type":"application/json","connection":"keep-alive","if-none-match":"W/\"1a9-DDTJTudYtiPmoxaqBDF8leumbgE\"","accept":"*/*","accept-language":"en-IN,en;q=0.9","accept-encoding":"gzip, deflate","user-agent":"fayr/1 CFNetwork/3896.100.1.2.1 Darwin/27.0.0"}},"requestId":"59292e2f-5053-4d9a-9756-a295f2a82200","res":{"statusCode":401,"headers":{"x-content-type-options":"nosniff","content-security-policy":"default-src 'none'; frame-ancestors 'none'; base-uri 'none'; form-action 'none'; sandbox","x-frame-options":"DENY","referrer-policy":"no-referrer","cross-origin-resource-policy":"same-site","x-permitted-cross-domain-policies":"none","vary":"Origin","x-request-id":"59292e2f-5053-4d9a-9756-a295f2a82200","x-ratelimit-limit":"60","x-ratelimit-remaining":"58","x-ratelimit-reset":"60","content-type":"application/json; charset=utf-8","content-length":"181","etag":"W/\"b5-d7J85jxIhSrMqOHu4eg1bNMWdrc\""}},"responseTime":3}
[2026-09-18 19:55:10.583 +0530] INFO (75446): request completed {"req":{"id":"8c01115a-b009-43bc-8e55-102b13698671","method":"POST","url":"/auth/refresh","params":{"path":["auth","refresh"]},"headers":{"host":"192.168.0.190:3001","content-type":"application/json","connection":"keep-alive","accept":"*/*","user-agent":"fayr/1 CFNetwork/3896.100.1.2.1 Darwin/27.0.0","content-length":"62","accept-language":"en-IN,en;q=0.9","accept-encoding":"gzip, deflate"}},"requestId":"8c01115a-b009-43bc-8e55-102b13698671","res":{"statusCode":200,"headers":{"x-content-type-options":"nosniff","content-security-policy":"default-src 'none'; frame-ancestors 'none'; base-uri 'none'; form-action 'none'; sandbox","x-frame-options":"DENY","referrer-policy":"no-referrer","cross-origin-resource-policy":"same-site","x-permitted-cross-domain-policies":"none","vary":"Origin","x-request-id":"8c01115a-b009-43bc-8e55-102b13698671","x-ratelimit-limit":"20","x-ratelimit-remaining":"19","x-ratelimit-reset":"60","content-type":"application/json; charset=utf-8","content-length":"350","etag":"W/\"15e-F2vLf6MJe847zllOzgHeYdYQYlw\""}},"responseTime":37}
[2026-09-18 19:55:10.622 +0530] INFO (75446): request completed {"req":{"id":"87054bb1-b5e9-4527-84eb-71daca074897","method":"GET","url":"/tasks","params":{"path":["tasks"]},"headers":{"host":"192.168.0.190:3001","content-type":"application/json","connection":"keep-alive","if-none-match":"W/\"4598-8QlI2ZJy0+GnY7NoyX7nJpvHK+w\"","accept":"*/*","accept-language":"en-IN,en;q=0.9","accept-encoding":"gzip, deflate","user-agent":"fayr/1 CFNetwork/3896.100.1.2.1 Darwin/27.0.0"}},"requestId":"87054bb1-b5e9-4527-84eb-71daca074897","res":{"statusCode":304,"headers":{"x-content-type-options":"nosniff","content-security-policy":"default-src 'none'; frame-ancestors 'none'; base-uri 'none'; form-action 'none'; sandbox","x-frame-options":"DENY","referrer-policy":"no-referrer","cross-origin-resource-policy":"same-site","x-permitted-cross-domain-policies":"none","vary":"Origin","x-request-id":"87054bb1-b5e9-4527-84eb-71daca074897","x-ratelimit-limit":"60","x-ratelimit-remaining":"58","x-ratelimit-reset":"60","etag":"W/\"4598-8QlI2ZJy0+GnY7NoyX7nJpvHK+w\""}},"responseTime":24}
[2026-09-18 19:55:10.636 +0530] INFO (75446): request completed {"req":{"id":"91fbd532-f19c-4738-ba13-702a71b1be3b","method":"GET","url":"/me","params":{"path":["me"]},"headers":{"host":"192.168.0.190:3001","content-type":"application/json","connection":"keep-alive","if-none-match":"W/\"1a9-DDTJTudYtiPmoxaqBDF8leumbgE\"","accept":"*/*","accept-language":"en-IN,en;q=0.9","accept-encoding":"gzip, deflate","user-agent":"fayr/1 CFNetwork/3896.100.1.2.1 Darwin/27.0.0"}},"requestId":"91fbd532-f19c-4738-ba13-702a71b1be3b","res":{"statusCode":304,"headers":{"x-content-type-options":"nosniff","content-security-policy":"default-src 'none'; frame-ancestors 'none'; base-uri 'none'; form-action 'none'; sandbox","x-frame-options":"DENY","referrer-policy":"no-referrer","cross-origin-resource-policy":"same-site","x-permitted-cross-domain-policies":"none","vary":"Origin","x-request-id":"91fbd532-f19c-4738-ba13-702a71b1be3b","x-ratelimit-limit":"60","x-ratelimit-remaining":"56","x-ratelimit-reset":"60","etag":"W/\"1a9-DDTJTudYtiPmoxaqBDF8leumbgE\""}},"responseTime":36}
[2026-09-18 19:55:10.637 +0530] INFO (75446): request completed {"req":{"id":"e2c27c65-20ac-4b07-af88-149375e2bb42","method":"GET","url":"/campaigns","params":{"path":["campaigns"]},"headers":{"host":"192.168.0.190:3001","content-type":"application/json","connection":"keep-alive","if-none-match":"W/\"7a0d-8jzvbZ7HDxU6IL2WzvirodDTh/Q\"","accept":"*/*","accept-language":"en-IN,en;q=0.9","accept-encoding":"gzip, deflate","user-agent":"fayr/1 CFNetwork/3896.100.1.2.1 Darwin/27.0.0"}},"requestId":"e2c27c65-20ac-4b07-af88-149375e2bb42","res":{"statusCode":200,"headers":{"x-content-type-options":"nosniff","content-security-policy":"default-src 'none'; frame-ancestors 'none'; base-uri 'none'; form-action 'none'; sandbox","x-frame-options":"DENY","referrer-policy":"no-referrer","cross-origin-resource-policy":"same-site","x-permitted-cross-domain-policies":"none","vary":"Origin","x-request-id":"e2c27c65-20ac-4b07-af88-149375e2bb42","x-ratelimit-limit":"60","x-ratelimit-remaining":"58","x-ratelimit-reset":"60","content-type":"application/json; charset=utf-8","content-length":"31245","etag":"W/\"7a0d-JfNgQb38wzpXTZBEsFU+HGkMerQ\""}},"responseTime":41}
[2026-09-18 19:55:10.637 +0530] INFO (75446): request completed {"req":{"id":"bcb2de41-823c-4ded-8de1-fd1a0c44006b","method":"GET","url":"/me","params":{"path":["me"]},"headers":{"host":"192.168.0.190:3001","content-type":"application/json","connection":"keep-alive","if-none-match":"W/\"1a9-DDTJTudYtiPmoxaqBDF8leumbgE\"","accept":"*/*","accept-language":"en-IN,en;q=0.9","accept-encoding":"gzip, deflate","user-agent":"fayr/1 CFNetwork/3896.100.1.2.1 Darwin/27.0.0"}},"requestId":"bcb2de41-823c-4ded-8de1-fd1a0c44006b","res":{"statusCode":304,"headers":{"x-content-type-options":"nosniff","content-security-policy":"default-src 'none'; frame-ancestors 'none'; base-uri 'none'; form-action 'none'; sandbox","x-frame-options":"DENY","referrer-policy":"no-referrer","cross-origin-resource-policy":"same-site","x-permitted-cross-domain-policies":"none","vary":"Origin","x-request-id":"bcb2de41-823c-4ded-8de1-fd1a0c44006b","x-ratelimit-limit":"60","x-ratelimit-remaining":"57","x-ratelimit-reset":"60","etag":"W/\"1a9-DDTJTudYtiPmoxaqBDF8leumbgE\""}},"responseTime":38}
[2026-09-18 19:55:10.753 +0530] INFO (75446): request completed {"req":{"id":"87b6ce5e-5831-4dad-9858-97af685e4df4","method":"GET","url":"/me/wallet","params":{"path":["me","wallet"]},"headers":{"host":"192.168.0.190:3001","content-type":"application/json","connection":"keep-alive","if-none-match":"W/\"33-zPSKh1uN3VlTrMADPuT0JUQbywk\"","accept":"*/*","accept-language":"en-IN,en;q=0.9","accept-encoding":"gzip, deflate","user-agent":"fayr/1 CFNetwork/3896.100.1.2.1 Darwin/27.0.0"}},"requestId":"87b6ce5e-5831-4dad-9858-97af685e4df4","res":{"statusCode":200,"headers":{"x-content-type-options":"nosniff","content-security-policy":"default-src 'none'; frame-ancestors 'none'; base-uri 'none'; form-action 'none'; sandbox","x-frame-options":"DENY","referrer-policy":"no-referrer","cross-origin-resource-policy":"same-site","x-permitted-cross-domain-policies":"none","vary":"Origin","x-request-id":"87b6ce5e-5831-4dad-9858-97af685e4df4","x-ratelimit-limit":"60","x-ratelimit-remaining":"58","x-ratelimit-reset":"60","content-type":"application/json; charset=utf-8","content-length":"51","etag":"W/\"33-z4Lz71kWtVQVuyuB/T7blgHNYA0\""}},"responseTime":13}
[2026-09-18 19:55:10.756 +0530] INFO (75446): request completed {"req":{"id":"45e59e50-2bb2-4a02-a29b-96e120372228","method":"GET","url":"/tasks","params":{"path":["tasks"]},"headers":{"host":"192.168.0.190:3001","content-type":"application/json","connection":"keep-alive","if-none-match":"W/\"4598-8QlI2ZJy0+GnY7NoyX7nJpvHK+w\"","accept":"*/*","accept-language":"en-IN,en;q=0.9","accept-encoding":"gzip, deflate","user-agent":"fayr/1 CFNetwork/3896.100.1.2.1 Darwin/27.0.0"}},"requestId":"45e59e50-2bb2-4a02-a29b-96e120372228","res":{"statusCode":304,"headers":{"x-content-type-options":"nosniff","content-security-policy":"default-src 'none'; frame-ancestors 'none'; base-uri 'none'; form-action 'none'; sandbox","x-frame-options":"DENY","referrer-policy":"no-referrer","cross-origin-resource-policy":"same-site","x-permitted-cross-domain-policies":"none","vary":"Origin","x-request-id":"45e59e50-2bb2-4a02-a29b-96e120372228","x-ratelimit-limit":"60","x-ratelimit-remaining":"57","x-ratelimit-reset":"60","etag":"W/\"4598-8QlI2ZJy0+GnY7NoyX7nJpvHK+w\""}},"responseTime":20}
[2026-09-18 19:55:10.756 +0530] INFO (75446): request completed {"req":{"id":"93898543-0a3a-43a1-89cf-993423763781","method":"GET","url":"/me/wallet","params":{"path":["me","wallet"]},"headers":{"host":"192.168.0.190:3001","content-type":"application/json","connection":"keep-alive","if-none-match":"W/\"33-zPSKh1uN3VlTrMADPuT0JUQbywk\"","accept":"*/*","accept-language":"en-IN,en;q=0.9","accept-encoding":"gzip, deflate","user-agent":"fayr/1 CFNetwork/3896.100.1.2.1 Darwin/27.0.0"}},"requestId":"93898543-0a3a-43a1-89cf-993423763781","res":{"statusCode":200,"headers":{"x-content-type-options":"nosniff","content-security-policy":"default-src 'none'; frame-ancestors 'none'; base-uri 'none'; form-action 'none'; sandbox","x-frame-options":"DENY","referrer-policy":"no-referrer","cross-origin-resource-policy":"same-site","x-permitted-cross-domain-policies":"none","vary":"Origin","x-request-id":"93898543-0a3a-43a1-89cf-993423763781","x-ratelimit-limit":"60","x-ratelimit-remaining":"59","x-ratelimit-reset":"60","content-type":"application/json; charset=utf-8","content-length":"51","etag":"W/\"33-z4Lz71kWtVQVuyuB/T7blgHNYA0\""}},"responseTime":18}
[2026-09-18 19:55:10.757 +0530] INFO (75446): request completed {"req":{"id":"dc397484-77ea-4d47-8a61-4e6a40c6fbf7","method":"GET","url":"/tasks","params":{"path":["tasks"]},"headers":{"host":"192.168.0.190:3001","content-type":"application/json","connection":"keep-alive","if-none-match":"W/\"4598-8QlI2ZJy0+GnY7NoyX7nJpvHK+w\"","accept":"*/*","accept-language":"en-IN,en;q=0.9","accept-encoding":"gzip, deflate","user-agent":"fayr/1 CFNetwork/3896.100.1.2.1 Darwin/27.0.0"}},"requestId":"dc397484-77ea-4d47-8a61-4e6a40c6fbf7","res":{"statusCode":304,"headers":{"x-content-type-options":"nosniff","content-security-policy":"default-src 'none'; frame-ancestors 'none'; base-uri 'none'; form-action 'none'; sandbox","x-frame-options":"DENY","referrer-policy":"no-referrer","cross-origin-resource-policy":"same-site","x-permitted-cross-domain-policies":"none","vary":"Origin","x-request-id":"dc397484-77ea-4d47-8a61-4e6a40c6fbf7","x-ratelimit-limit":"60","x-ratelimit-remaining":"56","x-ratelimit-reset":"60","etag":"W/\"4598-8QlI2ZJy0+GnY7NoyX7nJpvHK+w\""}},"responseTime":18}
[2026-09-18 19:55:12.072 +0530] INFO (75446): request completed {"req":{"id":"090eb668-fc48-49a9-a049-8721ecba63e9","method":"GET","url":"/tasks/cc9f1c1a-e9fd-4868-b425-f3ec8ad51398","params":{"path":["tasks","cc9f1c1a-e9fd-4868-b425-f3ec8ad51398"]},"headers":{"host":"192.168.0.190:3001","content-type":"application/json","connection":"keep-alive","if-none-match":"W/\"61d-M2os5cWmbA6kZf6bzw5257qEjMI\"","accept":"*/*","accept-language":"en-IN,en;q=0.9","accept-encoding":"gzip, deflate","user-agent":"fayr/1 CFNetwork/3896.100.1.2.1 Darwin/27.0.0"}},"requestId":"090eb668-fc48-49a9-a049-8721ecba63e9","res":{"statusCode":304,"headers":{"x-content-type-options":"nosniff","content-security-policy":"default-src 'none'; frame-ancestors 'none'; base-uri 'none'; form-action 'none'; sandbox","x-frame-options":"DENY","referrer-policy":"no-referrer","cross-origin-resource-policy":"same-site","x-permitted-cross-domain-policies":"none","vary":"Origin","x-request-id":"090eb668-fc48-49a9-a049-8721ecba63e9","x-ratelimit-limit":"60","x-ratelimit-remaining":"59","x-ratelimit-reset":"60","etag":"W/\"61d-M2os5cWmbA6kZf6bzw5257qEjMI\""}},"responseTime":7}
[2026-09-18 19:55:12.076 +0530] INFO (75446): request completed {"req":{"id":"e8ffbcb6-6472-4d70-9ac6-5db519e3394d","method":"GET","url":"/tasks/cc9f1c1a-e9fd-4868-b425-f3ec8ad51398/screenshots","params":{"path":["tasks","cc9f1c1a-e9fd-4868-b425-f3ec8ad51398","screenshots"]},"headers":{"host":"192.168.0.190:3001","content-type":"application/json","connection":"keep-alive","if-none-match":"W/\"2-l9Fw4VUO7kr8CvBlt4zaMCqXZ0w\"","accept":"*/*","accept-language":"en-IN,en;q=0.9","accept-encoding":"gzip, deflate","user-agent":"fayr/1 CFNetwork/3896.100.1.2.1 Darwin/27.0.0"}},"requestId":"e8ffbcb6-6472-4d70-9ac6-5db519e3394d","res":{"statusCode":304,"headers":{"x-content-type-options":"nosniff","content-security-policy":"default-src 'none'; frame-ancestors 'none'; base-uri 'none'; form-action 'none'; sandbox","x-frame-options":"DENY","referrer-policy":"no-referrer","cross-origin-resource-policy":"same-site","x-permitted-cross-domain-policies":"none","vary":"Origin","x-request-id":"e8ffbcb6-6472-4d70-9ac6-5db519e3394d","x-ratelimit-limit":"60","x-ratelimit-remaining":"58","x-ratelimit-reset":"60","etag":"W/\"2-l9Fw4VUO7kr8CvBlt4zaMCqXZ0w\""}},"responseTime":12}
[2026-09-18 19:55:12.077 +0530] INFO (75446): request completed {"req":{"id":"11fb40d7-db5e-4ac3-b917-9ae73c5d8ddc","method":"GET","url":"/tasks/cc9f1c1a-e9fd-4868-b425-f3ec8ad51398/screenshots","params":{"path":["tasks","cc9f1c1a-e9fd-4868-b425-f3ec8ad51398","screenshots"]},"headers":{"host":"192.168.0.190:3001","content-type":"application/json","connection":"keep-alive","if-none-match":"W/\"2-l9Fw4VUO7kr8CvBlt4zaMCqXZ0w\"","accept":"*/*","accept-language":"en-IN,en;q=0.9","accept-encoding":"gzip, deflate","user-agent":"fayr/1 CFNetwork/3896.100.1.2.1 Darwin/27.0.0"}},"requestId":"11fb40d7-db5e-4ac3-b917-9ae73c5d8ddc","res":{"statusCode":304,"headers":{"x-content-type-options":"nosniff","content-security-policy":"default-src 'none'; frame-ancestors 'none'; base-uri 'none'; form-action 'none'; sandbox","x-frame-options":"DENY","referrer-policy":"no-referrer","cross-origin-resource-policy":"same-site","x-permitted-cross-domain-policies":"none","vary":"Origin","x-request-id":"11fb40d7-db5e-4ac3-b917-9ae73c5d8ddc","x-ratelimit-limit":"60","x-ratelimit-remaining":"59","x-ratelimit-reset":"60","etag":"W/\"2-l9Fw4VUO7kr8CvBlt4zaMCqXZ0w\""}},"responseTime":16}
[2026-09-18 19:55:13.304 +0530] INFO (75446): request completed {"req":{"id":"da160fd7-6c9c-4b95-b9f6-3b2a0dbc5654","method":"POST","url":"/tasks/cc9f1c1a-e9fd-4868-b425-f3ec8ad51398/going-to-the-shop","params":{"path":["tasks","cc9f1c1a-e9fd-4868-b425-f3ec8ad51398","going-to-the-shop"]},"headers":{"host":"192.168.0.190:3001","content-type":"application/json","content-length":"0","connection":"keep-alive","if-none-match":"W/\"61d-M2os5cWmbA6kZf6bzw5257qEjMI\"","accept":"*/*","accept-language":"en-IN,en;q=0.9","accept-encoding":"gzip, deflate","user-agent":"fayr/1 CFNetwork/3896.100.1.2.1 Darwin/27.0.0"}},"requestId":"da160fd7-6c9c-4b95-b9f6-3b2a0dbc5654","res":{"statusCode":200,"headers":{"x-content-type-options":"nosniff","content-security-policy":"default-src 'none'; frame-ancestors 'none'; base-uri 'none'; form-action 'none'; sandbox","x-frame-options":"DENY","referrer-policy":"no-referrer","cross-origin-resource-policy":"same-site","x-permitted-cross-domain-policies":"none","vary":"Origin","x-request-id":"da160fd7-6c9c-4b95-b9f6-3b2a0dbc5654","x-ratelimit-limit":"60","x-ratelimit-remaining":"59","x-ratelimit-reset":"60","content-type":"application/json; charset=utf-8","content-length":"1565","etag":"W/\"61d-M2os5cWmbA6kZf6bzw5257qEjMI\""}},"responseTime":14}
[2026-09-18 19:55:22.302 +0530] INFO (75446): orders-found task=cc9f1c1a-e9fd-4868-b425-f3ec8ad51398 pages=1 lens=[202] {"req":{"id":"c6e1270a-ca29-41e6-ac59-eb7ea99ed234","method":"POST","url":"/tasks/cc9f1c1a-e9fd-4868-b425-f3ec8ad51398/orders-found","params":{"path":["tasks","cc9f1c1a-e9fd-4868-b425-f3ec8ad51398","orders-found"]},"headers":{"host":"192.168.0.190:3001","content-type":"application/json","user-agent":"fayr/1 CFNetwork/3896.100.1.2.1 Darwin/27.0.0","connection":"keep-alive","accept":"*/*","accept-language":"en-IN,en;q=0.9","content-length":"242","accept-encoding":"gzip, deflate"}},"requestId":"c6e1270a-ca29-41e6-ac59-eb7ea99ed234","context":"OrderCandidatesService"}
[2026-09-18 19:55:22.304 +0530] INFO (75446): orders-found task=cc9f1c1a-e9fd-4868-b425-f3ec8ad51398 judged=1 matched=1 reasons=[matched] {"req":{"id":"c6e1270a-ca29-41e6-ac59-eb7ea99ed234","method":"POST","url":"/tasks/cc9f1c1a-e9fd-4868-b425-f3ec8ad51398/orders-found","params":{"path":["tasks","cc9f1c1a-e9fd-4868-b425-f3ec8ad51398","orders-found"]},"headers":{"host":"192.168.0.190:3001","content-type":"application/json","user-agent":"fayr/1 CFNetwork/3896.100.1.2.1 Darwin/27.0.0","connection":"keep-alive","accept":"*/*","accept-language":"en-IN,en;q=0.9","content-length":"242","accept-encoding":"gzip, deflate"}},"requestId":"c6e1270a-ca29-41e6-ac59-eb7ea99ed234","context":"OrderCandidatesService"}
[2026-09-18 19:55:22.323 +0530] INFO (75446): request completed {"req":{"id":"c6e1270a-ca29-41e6-ac59-eb7ea99ed234","method":"POST","url":"/tasks/cc9f1c1a-e9fd-4868-b425-f3ec8ad51398/orders-found","params":{"path":["tasks","cc9f1c1a-e9fd-4868-b425-f3ec8ad51398","orders-found"]},"headers":{"host":"192.168.0.190:3001","content-type":"application/json","user-agent":"fayr/1 CFNetwork/3896.100.1.2.1 Darwin/27.0.0","connection":"keep-alive","accept":"*/*","accept-language":"en-IN,en;q=0.9","content-length":"242","accept-encoding":"gzip, deflate"}},"requestId":"c6e1270a-ca29-41e6-ac59-eb7ea99ed234","res":{"statusCode":200,"headers":{"x-content-type-options":"nosniff","content-security-policy":"default-src 'none'; frame-ancestors 'none'; base-uri 'none'; form-action 'none'; sandbox","x-frame-options":"DENY","referrer-policy":"no-referrer","cross-origin-resource-policy":"same-site","x-permitted-cross-domain-policies":"none","vary":"Origin","x-request-id":"c6e1270a-ca29-41e6-ac59-eb7ea99ed234","x-ratelimit-limit":"60","x-ratelimit-remaining":"59","x-ratelimit-reset":"60","content-type":"application/json; charset=utf-8","content-length":"496","etag":"W/\"1f0-NmqVCA7uIoN4Z5KVLsLnIOSFM+M\""}},"responseTime":35}
[2026-09-18 19:55:22.342 +0530] INFO (75446): request completed {"req":{"id":"da4f140b-086d-4dd3-ab87-15698920d6ee","method":"GET","url":"/tasks","params":{"path":["tasks"]},"headers":{"host":"192.168.0.190:3001","content-type":"application/json","connection":"keep-alive","if-none-match":"W/\"4598-8QlI2ZJy0+GnY7NoyX7nJpvHK+w\"","accept":"*/*","accept-language":"en-IN,en;q=0.9","accept-encoding":"gzip, deflate","user-agent":"fayr/1 CFNetwork/3896.100.1.2.1 Darwin/27.0.0"}},"requestId":"da4f140b-086d-4dd3-ab87-15698920d6ee","res":{"statusCode":304,"headers":{"x-content-type-options":"nosniff","content-security-policy":"default-src 'none'; frame-ancestors 'none'; base-uri 'none'; form-action 'none'; sandbox","x-frame-options":"DENY","referrer-policy":"no-referrer","cross-origin-resource-policy":"same-site","x-permitted-cross-domain-policies":"none","vary":"Origin","x-request-id":"da4f140b-086d-4dd3-ab87-15698920d6ee","x-ratelimit-limit":"60","x-ratelimit-remaining":"55","x-ratelimit-reset":"49","etag":"W/\"4598-8QlI2ZJy0+GnY7NoyX7nJpvHK+w\""}},"responseTime":9}
[2026-09-18 19:55:22.425 +0530] INFO (75446): request completed {"req":{"id":"6e832321-c76f-488a-b0c6-e8327f871063","method":"GET","url":"/tasks/cc9f1c1a-e9fd-4868-b425-f3ec8ad51398/orders-found","params":{"path":["tasks","cc9f1c1a-e9fd-4868-b425-f3ec8ad51398","orders-found"]},"headers":{"host":"192.168.0.190:3001","content-type":"application/json","connection":"keep-alive","if-none-match":"W/\"1f0-NmqVCA7uIoN4Z5KVLsLnIOSFM+M\"","accept":"*/*","accept-language":"en-IN,en;q=0.9","accept-encoding":"gzip, deflate","user-agent":"fayr/1 CFNetwork/3896.100.1.2.1 Darwin/27.0.0"}},"requestId":"6e832321-c76f-488a-b0c6-e8327f871063","res":{"statusCode":304,"headers":{"x-content-type-options":"nosniff","content-security-policy":"default-src 'none'; frame-ancestors 'none'; base-uri 'none'; form-action 'none'; sandbox","x-frame-options":"DENY","referrer-policy":"no-referrer","cross-origin-resource-policy":"same-site","x-permitted-cross-domain-policies":"none","vary":"Origin","x-request-id":"6e832321-c76f-488a-b0c6-e8327f871063","x-ratelimit-limit":"60","x-ratelimit-remaining":"59","x-ratelimit-reset":"60","etag":"W/\"1f0-NmqVCA7uIoN4Z5KVLsLnIOSFM+M\""}},"responseTime":11}
[2026-09-18 19:55:29.055 +0530] WARN (75446): THE PRACTICE ORDER WINDOW IS ON: orders up to 400 days before the claim will match on "fayr_next_dev". Every task matched this way is marked, and the staff panel shows the mark. {"req":{"id":"b8cc5de9-509f-4632-82c0-8a62bce04fcc","method":"POST","url":"/tasks/cc9f1c1a-e9fd-4868-b425-f3ec8ad51398/orders-found/3fca238a-4f5c-4e0d-a07f-77232eba89f6/mine","params":{"path":["tasks","cc9f1c1a-e9fd-4868-b425-f3ec8ad51398","orders-found","3fca238a-4f5c-4e0d-a07f-77232eba89f6","mine"]},"headers":{"host":"192.168.0.190:3001","content-type":"application/json","content-length":"0","connection":"keep-alive","accept":"*/*","user-agent":"fayr/1 CFNetwork/3896.100.1.2.1 Darwin/27.0.0","accept-language":"en-IN,en;q=0.9","accept-encoding":"gzip, deflate"}},"requestId":"b8cc5de9-509f-4632-82c0-8a62bce04fcc","context":"PracticeWindowService"}
[2026-09-18 19:55:29.105 +0530] INFO (75446): request completed {"req":{"id":"b8cc5de9-509f-4632-82c0-8a62bce04fcc","method":"POST","url":"/tasks/cc9f1c1a-e9fd-4868-b425-f3ec8ad51398/orders-found/3fca238a-4f5c-4e0d-a07f-77232eba89f6/mine","params":{"path":["tasks","cc9f1c1a-e9fd-4868-b425-f3ec8ad51398","orders-found","3fca238a-4f5c-4e0d-a07f-77232eba89f6","mine"]},"headers":{"host":"192.168.0.190:3001","content-type":"application/json","content-length":"0","connection":"keep-alive","accept":"*/*","user-agent":"fayr/1 CFNetwork/3896.100.1.2.1 Darwin/27.0.0","accept-language":"en-IN,en;q=0.9","accept-encoding":"gzip, deflate"}},"requestId":"b8cc5de9-509f-4632-82c0-8a62bce04fcc","res":{"statusCode":200,"headers":{"x-content-type-options":"nosniff","content-security-policy":"default-src 'none'; frame-ancestors 'none'; base-uri 'none'; form-action 'none'; sandbox","x-frame-options":"DENY","referrer-policy":"no-referrer","cross-origin-resource-policy":"same-site","x-permitted-cross-domain-policies":"none","vary":"Origin","x-request-id":"b8cc5de9-509f-4632-82c0-8a62bce04fcc","x-ratelimit-limit":"60","x-ratelimit-remaining":"59","x-ratelimit-reset":"60","content-type":"application/json; charset=utf-8","content-length":"1947","etag":"W/\"79b-IrBaI6WafQvJ+H1KxZ2VbjaQPA8\""}},"responseTime":66}
[2026-09-18 19:55:29.134 +0530] INFO (75446): request completed {"req":{"id":"42d119f3-5f4a-4208-9634-2e039dac9c98","method":"GET","url":"/tasks","params":{"path":["tasks"]},"headers":{"host":"192.168.0.190:3001","content-type":"application/json","connection":"keep-alive","if-none-match":"W/\"4598-8QlI2ZJy0+GnY7NoyX7nJpvHK+w\"","accept":"*/*","accept-language":"en-IN,en;q=0.9","accept-encoding":"gzip, deflate","user-agent":"fayr/1 CFNetwork/3896.100.1.2.1 Darwin/27.0.0"}},"requestId":"42d119f3-5f4a-4208-9634-2e039dac9c98","res":{"statusCode":200,"headers":{"x-content-type-options":"nosniff","content-security-policy":"default-src 'none'; frame-ancestors 'none'; base-uri 'none'; form-action 'none'; sandbox","x-frame-options":"DENY","referrer-policy":"no-referrer","cross-origin-resource-policy":"same-site","x-permitted-cross-domain-policies":"none","vary":"Origin","x-request-id":"42d119f3-5f4a-4208-9634-2e039dac9c98","x-ratelimit-limit":"60","x-ratelimit-remaining":"54","x-ratelimit-reset":"42","content-type":"application/json; charset=utf-8","content-length":"18198","etag":"W/\"4716-uAbVkQCqAHvx3y8Ia1FN8oiiU3E\""}},"responseTime":8}
[2026-09-18 19:55:29.264 +0530] INFO (75446): request completed {"req":{"id":"1cda00a2-1bee-4e39-bade-4b7a9bdb2883","method":"GET","url":"/tasks/cc9f1c1a-e9fd-4868-b425-f3ec8ad51398","params":{"path":["tasks","cc9f1c1a-e9fd-4868-b425-f3ec8ad51398"]},"headers":{"host":"192.168.0.190:3001","content-type":"application/json","connection":"keep-alive","if-none-match":"W/\"61d-M2os5cWmbA6kZf6bzw5257qEjMI\"","accept":"*/*","accept-language":"en-IN,en;q=0.9","accept-encoding":"gzip, deflate","user-agent":"fayr/1 CFNetwork/3896.100.1.2.1 Darwin/27.0.0"}},"requestId":"1cda00a2-1bee-4e39-bade-4b7a9bdb2883","res":{"statusCode":200,"headers":{"x-content-type-options":"nosniff","content-security-policy":"default-src 'none'; frame-ancestors 'none'; base-uri 'none'; form-action 'none'; sandbox","x-frame-options":"DENY","referrer-policy":"no-referrer","cross-origin-resource-policy":"same-site","x-permitted-cross-domain-policies":"none","vary":"Origin","x-request-id":"1cda00a2-1bee-4e39-bade-4b7a9bdb2883","x-ratelimit-limit":"60","x-ratelimit-remaining":"58","x-ratelimit-reset":"43","content-type":"application/json; charset=utf-8","content-length":"1947","etag":"W/\"79b-IrBaI6WafQvJ+H1KxZ2VbjaQPA8\""}},"responseTime":7}
[2026-09-18 19:55:29.276 +0530] INFO (75446): request completed {"req":{"id":"e22783d3-be12-484c-adb4-672b4c81d122","method":"GET","url":"/tasks/cc9f1c1a-e9fd-4868-b425-f3ec8ad51398","params":{"path":["tasks","cc9f1c1a-e9fd-4868-b425-f3ec8ad51398"]},"headers":{"host":"192.168.0.190:3001","content-type":"application/json","connection":"keep-alive","if-none-match":"W/\"61d-M2os5cWmbA6kZf6bzw5257qEjMI\"","accept":"*/*","accept-language":"en-IN,en;q=0.9","accept-encoding":"gzip, deflate","user-agent":"fayr/1 CFNetwork/3896.100.1.2.1 Darwin/27.0.0"}},"requestId":"e22783d3-be12-484c-adb4-672b4c81d122","res":{"statusCode":200,"headers":{"x-content-type-options":"nosniff","content-security-policy":"default-src 'none'; frame-ancestors 'none'; base-uri 'none'; form-action 'none'; sandbox","x-frame-options":"DENY","referrer-policy":"no-referrer","cross-origin-resource-policy":"same-site","x-permitted-cross-domain-policies":"none","vary":"Origin","x-request-id":"e22783d3-be12-484c-adb4-672b4c81d122","x-ratelimit-limit":"60","x-ratelimit-remaining":"56","x-ratelimit-reset":"43","content-type":"application/json; charset=utf-8","content-length":"1947","etag":"W/\"79b-IrBaI6WafQvJ+H1KxZ2VbjaQPA8\""}},"responseTime":5}
[2026-09-18 19:55:29.277 +0530] INFO (75446): request completed {"req":{"id":"79d6f443-95eb-4008-803b-d712f9dd9af4","method":"GET","url":"/tasks/cc9f1c1a-e9fd-4868-b425-f3ec8ad51398","params":{"path":["tasks","cc9f1c1a-e9fd-4868-b425-f3ec8ad51398"]},"headers":{"host":"192.168.0.190:3001","content-type":"application/json","connection":"keep-alive","if-none-match":"W/\"61d-M2os5cWmbA6kZf6bzw5257qEjMI\"","accept":"*/*","accept-language":"en-IN,en;q=0.9","accept-encoding":"gzip, deflate","user-agent":"fayr/1 CFNetwork/3896.100.1.2.1 Darwin/27.0.0"}},"requestId":"79d6f443-95eb-4008-803b-d712f9dd9af4","res":{"statusCode":200,"headers":{"x-content-type-options":"nosniff","content-security-policy":"default-src 'none'; frame-ancestors 'none'; base-uri 'none'; form-action 'none'; sandbox","x-frame-options":"DENY","referrer-policy":"no-referrer","cross-origin-resource-policy":"same-site","x-permitted-cross-domain-policies":"none","vary":"Origin","x-request-id":"79d6f443-95eb-4008-803b-d712f9dd9af4","x-ratelimit-limit":"60","x-ratelimit-remaining":"57","x-ratelimit-reset":"43","content-type":"application/json; charset=utf-8","content-length":"1947","etag":"W/\"79b-IrBaI6WafQvJ+H1KxZ2VbjaQPA8\""}},"responseTime":9}
[2026-09-18 19:55:29.278 +0530] INFO (75446): request completed {"req":{"id":"b51e6009-c94e-472d-a81d-d2ab852cfffd","method":"GET","url":"/tasks/cc9f1c1a-e9fd-4868-b425-f3ec8ad51398/screenshots","params":{"path":["tasks","cc9f1c1a-e9fd-4868-b425-f3ec8ad51398","screenshots"]},"headers":{"host":"192.168.0.190:3001","content-type":"application/json","connection":"keep-alive","if-none-match":"W/\"2-l9Fw4VUO7kr8CvBlt4zaMCqXZ0w\"","accept":"*/*","accept-language":"en-IN,en;q=0.9","accept-encoding":"gzip, deflate","user-agent":"fayr/1 CFNetwork/3896.100.1.2.1 Darwin/27.0.0"}},"requestId":"b51e6009-c94e-472d-a81d-d2ab852cfffd","res":{"statusCode":304,"headers":{"x-content-type-options":"nosniff","content-security-policy":"default-src 'none'; frame-ancestors 'none'; base-uri 'none'; form-action 'none'; sandbox","x-frame-options":"DENY","referrer-policy":"no-referrer","cross-origin-resource-policy":"same-site","x-permitted-cross-domain-policies":"none","vary":"Origin","x-request-id":"b51e6009-c94e-472d-a81d-d2ab852cfffd","x-ratelimit-limit":"60","x-ratelimit-remaining":"56","x-ratelimit-reset":"43","etag":"W/\"2-l9Fw4VUO7kr8CvBlt4zaMCqXZ0w\""}},"responseTime":9}
[2026-09-18 19:55:29.279 +0530] INFO (75446): request completed {"req":{"id":"49fadf21-09d8-4dcf-8cdf-ac0206b77f5f","method":"GET","url":"/tasks/cc9f1c1a-e9fd-4868-b425-f3ec8ad51398/screenshots","params":{"path":["tasks","cc9f1c1a-e9fd-4868-b425-f3ec8ad51398","screenshots"]},"headers":{"host":"192.168.0.190:3001","content-type":"application/json","connection":"keep-alive","if-none-match":"W/\"2-l9Fw4VUO7kr8CvBlt4zaMCqXZ0w\"","accept":"*/*","accept-language":"en-IN,en;q=0.9","accept-encoding":"gzip, deflate","user-agent":"fayr/1 CFNetwork/3896.100.1.2.1 Darwin/27.0.0"}},"requestId":"49fadf21-09d8-4dcf-8cdf-ac0206b77f5f","res":{"statusCode":304,"headers":{"x-content-type-options":"nosniff","content-security-policy":"default-src 'none'; frame-ancestors 'none'; base-uri 'none'; form-action 'none'; sandbox","x-frame-options":"DENY","referrer-policy":"no-referrer","cross-origin-resource-policy":"same-site","x-permitted-cross-domain-policies":"none","vary":"Origin","x-request-id":"49fadf21-09d8-4dcf-8cdf-ac0206b77f5f","x-ratelimit-limit":"60","x-ratelimit-remaining":"57","x-ratelimit-reset":"43","etag":"W/\"2-l9Fw4VUO7kr8CvBlt4zaMCqXZ0w\""}},"responseTime":12}
[2026-09-18 19:55:31.342 +0530] INFO (75446): request completed {"req":{"id":"e92d4247-5d99-4c78-9cf4-d94474e8ca29","method":"GET","url":"/tasks","params":{"path":["tasks"]},"headers":{"host":"192.168.0.190:3001","content-type":"application/json","connection":"keep-alive","if-none-match":"W/\"4716-uAbVkQCqAHvx3y8Ia1FN8oiiU3E\"","accept":"*/*","accept-language":"en-IN,en;q=0.9","accept-encoding":"gzip, deflate","user-agent":"fayr/1 CFNetwork/3896.100.1.2.1 Darwin/27.0.0"}},"requestId":"e92d4247-5d99-4c78-9cf4-d94474e8ca29","res":{"statusCode":304,"headers":{"x-content-type-options":"nosniff","content-security-policy":"default-src 'none'; frame-ancestors 'none'; base-uri 'none'; form-action 'none'; sandbox","x-frame-options":"DENY","referrer-policy":"no-referrer","cross-origin-resource-policy":"same-site","x-permitted-cross-domain-policies":"none","vary":"Origin","x-request-id":"e92d4247-5d99-4c78-9cf4-d94474e8ca29","x-ratelimit-limit":"60","x-ratelimit-remaining":"53","x-ratelimit-reset":"40","etag":"W/\"4716-uAbVkQCqAHvx3y8Ia1FN8oiiU3E\""}},"responseTime":15}
[2026-09-18 19:55:31.394 +0530] INFO (75446): request completed {"req":{"id":"4c3b1d6f-3447-42db-b6ee-1cf4b911f928","method":"GET","url":"/tasks/cc9f1c1a-e9fd-4868-b425-f3ec8ad51398","params":{"path":["tasks","cc9f1c1a-e9fd-4868-b425-f3ec8ad51398"]},"headers":{"host":"192.168.0.190:3001","content-type":"application/json","connection":"keep-alive","if-none-match":"W/\"79b-IrBaI6WafQvJ+H1KxZ2VbjaQPA8\"","accept":"*/*","accept-language":"en-IN,en;q=0.9","accept-encoding":"gzip, deflate","user-agent":"fayr/1 CFNetwork/3896.100.1.2.1 Darwin/27.0.0"}},"requestId":"4c3b1d6f-3447-42db-b6ee-1cf4b911f928","res":{"statusCode":304,"headers":{"x-content-type-options":"nosniff","content-security-policy":"default-src 'none'; frame-ancestors 'none'; base-uri 'none'; form-action 'none'; sandbox","x-frame-options":"DENY","referrer-policy":"no-referrer","cross-origin-resource-policy":"same-site","x-permitted-cross-domain-policies":"none","vary":"Origin","x-request-id":"4c3b1d6f-3447-42db-b6ee-1cf4b911f928","x-ratelimit-limit":"60","x-ratelimit-remaining":"54","x-ratelimit-reset":"41","etag":"W/\"79b-IrBaI6WafQvJ+H1KxZ2VbjaQPA8\""}},"responseTime":6}
[2026-09-18 19:55:31.394 +0530] INFO (75446): request completed {"req":{"id":"9e601637-6b7f-4e96-8bd9-d49208743528","method":"GET","url":"/tasks/cc9f1c1a-e9fd-4868-b425-f3ec8ad51398/screenshots","params":{"path":["tasks","cc9f1c1a-e9fd-4868-b425-f3ec8ad51398","screenshots"]},"headers":{"host":"192.168.0.190:3001","content-type":"application/json","connection":"keep-alive","if-none-match":"W/\"2-l9Fw4VUO7kr8CvBlt4zaMCqXZ0w\"","accept":"*/*","accept-language":"en-IN,en;q=0.9","accept-encoding":"gzip, deflate","user-agent":"fayr/1 CFNetwork/3896.100.1.2.1 Darwin/27.0.0"}},"requestId":"9e601637-6b7f-4e96-8bd9-d49208743528","res":{"statusCode":304,"headers":{"x-content-type-options":"nosniff","content-security-policy":"default-src 'none'; frame-ancestors 'none'; base-uri 'none'; form-action 'none'; sandbox","x-frame-options":"DENY","referrer-policy":"no-referrer","cross-origin-resource-policy":"same-site","x-permitted-cross-domain-policies":"none","vary":"Origin","x-request-id":"9e601637-6b7f-4e96-8bd9-d49208743528","x-ratelimit-limit":"60","x-ratelimit-remaining":"54","x-ratelimit-reset":"41","etag":"W/\"2-l9Fw4VUO7kr8CvBlt4zaMCqXZ0w\""}},"responseTime":5}
[2026-09-18 19:55:31.395 +0530] INFO (75446): request completed {"req":{"id":"b6fcb180-0bd6-4715-8df6-9f9446a05c8e","method":"GET","url":"/tasks/cc9f1c1a-e9fd-4868-b425-f3ec8ad51398","params":{"path":["tasks","cc9f1c1a-e9fd-4868-b425-f3ec8ad51398"]},"headers":{"host":"192.168.0.190:3001","content-type":"application/json","connection":"keep-alive","if-none-match":"W/\"79b-IrBaI6WafQvJ+H1KxZ2VbjaQPA8\"","accept":"*/*","accept-language":"en-IN,en;q=0.9","accept-encoding":"gzip, deflate","user-agent":"fayr/1 CFNetwork/3896.100.1.2.1 Darwin/27.0.0"}},"requestId":"b6fcb180-0bd6-4715-8df6-9f9446a05c8e","res":{"statusCode":304,"headers":{"x-content-type-options":"nosniff","content-security-policy":"default-src 'none'; frame-ancestors 'none'; base-uri 'none'; form-action 'none'; sandbox","x-frame-options":"DENY","referrer-policy":"no-referrer","cross-origin-resource-policy":"same-site","x-permitted-cross-domain-policies":"none","vary":"Origin","x-request-id":"b6fcb180-0bd6-4715-8df6-9f9446a05c8e","x-ratelimit-limit":"60","x-ratelimit-remaining":"55","x-ratelimit-reset":"41","etag":"W/\"79b-IrBaI6WafQvJ+H1KxZ2VbjaQPA8\""}},"responseTime":10}
[2026-09-18 19:55:31.395 +0530] INFO (75446): request completed {"req":{"id":"da9ea1c2-5d0d-4b12-b113-5f977b4a4be7","method":"GET","url":"/tasks/cc9f1c1a-e9fd-4868-b425-f3ec8ad51398","params":{"path":["tasks","cc9f1c1a-e9fd-4868-b425-f3ec8ad51398"]},"headers":{"host":"192.168.0.190:3001","content-type":"application/json","connection":"keep-alive","if-none-match":"W/\"79b-IrBaI6WafQvJ+H1KxZ2VbjaQPA8\"","accept":"*/*","accept-language":"en-IN,en;q=0.9","accept-encoding":"gzip, deflate","user-agent":"fayr/1 CFNetwork/3896.100.1.2.1 Darwin/27.0.0"}},"requestId":"da9ea1c2-5d0d-4b12-b113-5f977b4a4be7","res":{"statusCode":304,"headers":{"x-content-type-options":"nosniff","content-security-policy":"default-src 'none'; frame-ancestors 'none'; base-uri 'none'; form-action 'none'; sandbox","x-frame-options":"DENY","referrer-policy":"no-referrer","cross-origin-resource-policy":"same-site","x-permitted-cross-domain-policies":"none","vary":"Origin","x-request-id":"da9ea1c2-5d0d-4b12-b113-5f977b4a4be7","x-ratelimit-limit":"60","x-ratelimit-remaining":"53","x-ratelimit-reset":"41","etag":"W/\"79b-IrBaI6WafQvJ+H1KxZ2VbjaQPA8\""}},"responseTime":6}
[2026-09-18 19:55:31.400 +0530] INFO (75446): request completed {"req":{"id":"8652c2c2-5c73-4862-bf1f-907688647e8a","method":"GET","url":"/tasks/cc9f1c1a-e9fd-4868-b425-f3ec8ad51398/screenshots","params":{"path":["tasks","cc9f1c1a-e9fd-4868-b425-f3ec8ad51398","screenshots"]},"headers":{"host":"192.168.0.190:3001","content-type":"application/json","connection":"keep-alive","if-none-match":"W/\"2-l9Fw4VUO7kr8CvBlt4zaMCqXZ0w\"","accept":"*/*","accept-language":"en-IN,en;q=0.9","accept-encoding":"gzip, deflate","user-agent":"fayr/1 CFNetwork/3896.100.1.2.1 Darwin/27.0.0"}},"requestId":"8652c2c2-5c73-4862-bf1f-907688647e8a","res":{"statusCode":304,"headers":{"x-content-type-options":"nosniff","content-security-policy":"default-src 'none'; frame-ancestors 'none'; base-uri 'none'; form-action 'none'; sandbox","x-frame-options":"DENY","referrer-policy":"no-referrer","cross-origin-resource-policy":"same-site","x-permitted-cross-domain-policies":"none","vary":"Origin","x-request-id":"8652c2c2-5c73-4862-bf1f-907688647e8a","x-ratelimit-limit":"60","x-ratelimit-remaining":"55","x-ratelimit-reset":"41","etag":"W/\"2-l9Fw4VUO7kr8CvBlt4zaMCqXZ0w\""}},"responseTime":13}
[2026-09-18 19:56:00.040 +0530] DEBUG (75446): retention: no screenshots older than 90 days {"context":"ScreenshotRetentionService"}
[2026-09-18 19:56:00.042 +0530] INFO (75446): maintenance tick {"expired":0,"rechecked":0,"regressed":0,"released":0,"purged":0} {"context":"SchedulerService"}
[2026-09-18 19:56:57.767 +0530] INFO (75446): request completed {"req":{"id":"4a5b7ed4-bd1a-438c-9fce-1e29f6056e74","method":"GET","url":"/tasks/cc9f1c1a-e9fd-4868-b425-f3ec8ad51398/screenshots","params":{"path":["tasks","cc9f1c1a-e9fd-4868-b425-f3ec8ad51398","screenshots"]},"headers":{"host":"192.168.0.190:3001","content-type":"application/json","connection":"keep-alive","if-none-match":"W/\"2-l9Fw4VUO7kr8CvBlt4zaMCqXZ0w\"","accept":"*/*","accept-language":"en-IN,en;q=0.9","accept-encoding":"gzip, deflate","user-agent":"fayr/1 CFNetwork/3896.100.1.2.1 Darwin/27.0.0"}},"requestId":"4a5b7ed4-bd1a-438c-9fce-1e29f6056e74","res":{"statusCode":304,"headers":{"x-content-type-options":"nosniff","content-security-policy":"default-src 'none'; frame-ancestors 'none'; base-uri 'none'; form-action 'none'; sandbox","x-frame-options":"DENY","referrer-policy":"no-referrer","cross-origin-resource-policy":"same-site","x-permitted-cross-domain-policies":"none","vary":"Origin","x-request-id":"4a5b7ed4-bd1a-438c-9fce-1e29f6056e74","x-ratelimit-limit":"60","x-ratelimit-remaining":"59","x-ratelimit-reset":"60","etag":"W/\"2-l9Fw4VUO7kr8CvBlt4zaMCqXZ0w\""}},"responseTime":26}
[2026-09-18 19:57:00.069 +0530] DEBUG (75446): retention: no screenshots older than 90 days {"context":"ScreenshotRetentionService"}
[2026-09-18 19:57:00.070 +0530] INFO (75446): maintenance tick {"expired":0,"rechecked":0,"regressed":0,"released":0,"purged":0} {"context":"SchedulerService"}
[2026-09-18 19:58:00.063 +0530] DEBUG (75446): retention: no screenshots older than 90 days {"context":"ScreenshotRetentionService"}
[2026-09-18 19:58:00.064 +0530] INFO (75446): maintenance tick {"expired":0,"rechecked":0,"regressed":0,"released":0,"purged":0} {"context":"SchedulerService"}
[2026-09-18 19:58:12.300 +0530] INFO (75446): request completed {"req":{"id":"6d43dc59-a794-4bfc-96f7-639f2d746316","method":"GET","url":"/me","params":{"path":["me"]},"headers":{"host":"192.168.0.190:3001","content-type":"application/json","connection":"keep-alive","if-none-match":"W/\"1a9-DDTJTudYtiPmoxaqBDF8leumbgE\"","accept":"*/*","accept-language":"en-IN,en;q=0.9","accept-encoding":"gzip, deflate","user-agent":"fayr/1 CFNetwork/3896.100.1.2.1 Darwin/27.0.0"}},"requestId":"6d43dc59-a794-4bfc-96f7-639f2d746316","res":{"statusCode":304,"headers":{"x-content-type-options":"nosniff","content-security-policy":"default-src 'none'; frame-ancestors 'none'; base-uri 'none'; form-action 'none'; sandbox","x-frame-options":"DENY","referrer-policy":"no-referrer","cross-origin-resource-policy":"same-site","x-permitted-cross-domain-policies":"none","vary":"Origin","x-request-id":"6d43dc59-a794-4bfc-96f7-639f2d746316","x-ratelimit-limit":"60","x-ratelimit-remaining":"59","x-ratelimit-reset":"60","etag":"W/\"1a9-DDTJTudYtiPmoxaqBDF8leumbgE\""}},"responseTime":10}
[2026-09-18 19:58:12.308 +0530] INFO (75446): request completed {"req":{"id":"138d2e97-60f1-4bce-93a2-bd7cb4dc3d6a","method":"GET","url":"/tasks","params":{"path":["tasks"]},"headers":{"host":"192.168.0.190:3001","content-type":"application/json","connection":"keep-alive","if-none-match":"W/\"4716-uAbVkQCqAHvx3y8Ia1FN8oiiU3E\"","accept":"*/*","accept-language":"en-IN,en;q=0.9","accept-encoding":"gzip, deflate","user-agent":"fayr/1 CFNetwork/3896.100.1.2.1 Darwin/27.0.0"}},"requestId":"138d2e97-60f1-4bce-93a2-bd7cb4dc3d6a","res":{"statusCode":304,"headers":{"x-content-type-options":"nosniff","content-security-policy":"default-src 'none'; frame-ancestors 'none'; base-uri 'none'; form-action 'none'; sandbox","x-frame-options":"DENY","referrer-policy":"no-referrer","cross-origin-resource-policy":"same-site","x-permitted-cross-domain-policies":"none","vary":"Origin","x-request-id":"138d2e97-60f1-4bce-93a2-bd7cb4dc3d6a","x-ratelimit-limit":"60","x-ratelimit-remaining":"59","x-ratelimit-reset":"60","etag":"W/\"4716-uAbVkQCqAHvx3y8Ia1FN8oiiU3E\""}},"responseTime":23}
[2026-09-18 19:59:00.044 +0530] DEBUG (75446): retention: no screenshots older than 90 days {"context":"ScreenshotRetentionService"}
[2026-09-18 19:59:00.045 +0530] INFO (75446): maintenance tick {"expired":0,"rechecked":0,"regressed":0,"released":0,"purged":0} {"context":"SchedulerService"}
[2026-09-18 20:00:00.050 +0530] DEBUG (75446): retention: no screenshots older than 90 days {"context":"ScreenshotRetentionService"}
[2026-09-18 20:00:00.051 +0530] INFO (75446): maintenance tick {"expired":0,"rechecked":0,"regressed":0,"released":0,"purged":0} {"context":"SchedulerService"}
[2026-09-18 20:01:00.064 +0530] DEBUG (75446): retention: no screenshots older than 90 days {"context":"ScreenshotRetentionService"}
[2026-09-18 20:01:00.065 +0530] INFO (75446): maintenance tick {"expired":0,"rechecked":0,"regressed":0,"released":0,"purged":0} {"context":"SchedulerService"}
[2026-09-18 20:02:00.083 +0530] DEBUG (75446): retention: no screenshots older than 90 days {"context":"ScreenshotRetentionService"}
[2026-09-18 20:02:00.084 +0530] INFO (75446): maintenance tick {"expired":0,"rechecked":0,"regressed":0,"released":0,"purged":0} {"context":"SchedulerService"}
[2026-09-18 20:03:00.076 +0530] DEBUG (75446): retention: no screenshots older than 90 days {"context":"ScreenshotRetentionService"}
[2026-09-18 20:03:00.078 +0530] INFO (75446): maintenance tick {"expired":0,"rechecked":0,"regressed":0,"released":0,"purged":0} {"context":"SchedulerService"}
[2026-09-18 20:04:00.064 +0530] DEBUG (75446): retention: no screenshots older than 90 days {"context":"ScreenshotRetentionService"}
[2026-09-18 20:04:00.066 +0530] INFO (75446): maintenance tick {"expired":0,"rechecked":0,"regressed":0,"released":0,"purged":0} {"context":"SchedulerService"}
